Spalte1;Column1;Column12;Column2;Column3;Column4;Column5;lat;lng;Web-URL;WZ;Umsatz normiert;Finanzierungsgeschäft;Provision;Zahlungsverkehr;Ertragspotenzial;Ansprechpartner;E-Mail;Bonität;Straße
0;64193;64000;REWE ZENTRALFINANZ E G KÖLN;50668;Köln;45.648.900 T€ (2016);50,94260788;6,96796608;https://www.rewe-group.com;Dienstleistung; 45.648.900.000   ; 520.397   ; 217.289   ; 111.384   ; 849.070   ;Gesine Müller;Gesine.Mueller@rewe-group.com;3D;
1;35112;35000;RWE POWER AG KÖLN;50935;Köln;42.771.000 T€ (2003);50,94260788;6,96796608;http://www.rwe.com;Dienstleistung; 42.771.000.000   ; 521.806   ; 164.241   ; 160.819   ; 846.866   ;Kjell Schmidt;Kjell.Schmidt@rwe.com;1C;
2;51100;51000;DEUTSCHE LUFTHANSA AG KÖLN;50679;Köln;31.660.000 T€ (2016);50,94260788;6,96796608;https://www.lufthansa.com;Dienstleistung; 31.660.000.000   ; 231.118   ; 116.509   ; 266.577   ; 614.204   ;Linda Schneider;Linda.Schneider@lufthansa.com;1E;
3;70101;70000;REWE DEUTSCHER SUPERMARKT AG CO KGAA KÖL;50668;Köln;28.530.500 T€ (2016);;;https://www.rewe-group.com;Dienstleistung; 28.530.500.000   ; 368.043   ; 140.370   ; 16.548   ; 524.961   ;Ruth Fischer;Ruth.Fischer@rewe-group.com;2E;
4;74900;74000;Ford Deutschland Holding GmbH;50735;Köln;23.079.800 T€ (2016);;;https://www.ford.de;Dienstleistung; 23.079.800.000   ; 300.037   ; 112.629   ; 21.234   ; 433.900   ;Eva Weber;Eva.Weber@ford.de;1B;
5;29101;29000;Ford-Werke GmbH;50735;Köln;19.815.000 T€ (2015);50,99375534;6,95991993;https://www.ford.de;Industrie/ Handwerk; 19.815.000.000   ; 206.076   ; 72.919   ; 89.564   ; 368.559   ;Christina Meyer;Christina.Meyer@ford.de;2D;Auf der Seekante 12
6;;;INEOS Deutschland Holding GmbH;50769;Köln;17.220.500 T€ (2014);51,04626083;6,850763798;http://www.ineoskoeln.de;; 17.220.500.000   ; 194.592   ; 81.281   ; 61.649   ; 337.522   ;Lennja Wagner;Lennja.Wagner@ineoskoeln.de;3C;BaptistStraße 44
7;27320;27000;NKT Group GmbH;51061;Köln;14.451.100 T€ (2010);50,99834061;6,991382122;https://www.nkt.com;Industrie/ Handwerk; 14.451.100.000   ; 176.303   ; 51.446   ; 38.151   ; 265.900   ;Rory Becker;Rory.Becker@nkt.com;2C;SemmelweisStraße 111
8;;;LANXESS AG KÖLN;50679;Köln;7.699.000 T€ (2016);50,94260788;6,96796608;https://lanxess.de;; 7.699.000.000   ; 80.070   ; 21.557   ; 46.194   ; 147.821   ;Elias Schulz;Elias.Schulz@lanxess.de;1D;
9;45200;45000;Autowerkstatt Rainer Herzer GmbH;50969;Köln;7.274.000 T€ (2006);50,90608597;6,937514782;;Großhandel; 7.274.000.000   ; 69.103   ; 25.314   ; 36.515   ; 130.932   ;Andrea Hoffmann;;1E;Zollstockgürtel 47
10;70101;70000;transGourmet Holding GmbH;50668;Köln;6.230.915 T€ (2010);50,94987869;6,96416378;;Dienstleistung; 6.230.915.000   ; 61.686   ; 23.179   ; 34.769   ; 119.634   ;Svea Schäfer;;3D;Theodor-Heuss-Ring 50
11;;;STADTWERKE KÖLN GMBH KÖLN;50823;Köln;4.763.296 T€ (2015);50,94260788;6,96796608;;; 4.763.296.000   ; 33.819   ; 17.529   ; 38.202   ; 89.550   ;Sören Koch;;3E;
12;;;LANXESS DEUTSCHLAND GMBH LEVERKUSEN;50569;Köln;3.377.869 T€ (2006);;;https://lanxess.de;; 3.377.869.000   ; 43.575   ; 16.079   ; 4.526   ; 64.180   ;Lasse Bauer;Lasse.Bauer@lanxess.de;1A;
13;47192;47000;GALERIA KAUFHOF GMBH KÖLN;50676;Köln;2.694.376 T€ (2015);50,94260788;6,96796608;https://www.galeria-kaufhof.de;Einzelhandel; 2.694.376.000   ; 34.488   ; 11.316   ; 5.928   ; 51.732   ;Emma Richter;Emma.Richter@galeria-kaufhof.de;3A;
14;70101;70000;INEOS Deutschland GmbH;50769;Köln;2.524.913 T€ (2007);51,04626083;6,850763798;http://www.ineoskoeln.de;Dienstleistung; 2.524.913.000   ; 30.299   ; 9.292   ; 9.392   ; 48.983   ;Fynn Klein;Fynn.Klein@ineoskoeln.de;2D;BaptistStraße 44
15;35112;35000;RHEINENERGIE AG KÖLN;50823;Köln;2.457.049 T€ (2016);50,94260788;6,96796608;https://www.rheinenergie.com;Dienstleistung; 2.457.049.000   ; 26.536   ; 7.371   ; 11.794   ; 45.701   ;Carolin Wolf;Carolin.Wolf@rheinenergie.com;2C;
16;46610;46000;RAIFFEISEN WARENZENTRALE RHEIN MAIN KÖLN;50668;Köln;2.386.860 T€ (2015);50,94260788;6,96796608;;Großhandel; 2.386.860.000   ; 21.959   ; 12.125   ; 9.357   ; 43.441   ;Oliver Schröder;;2D;
17;46734;46000;TOOM BAUMARKT GMBH KOELN;51149;Köln;2.260.908 T€ (2016);50,94045;7,00637;https://toom.de;Großhandel; 2.260.908.000   ; 16.731   ; 8.591   ; 19.896   ; 45.218   ;Svenja Neumann;Svenja.Neumann@toom.de;2D;Markt 24
18;19200;19000;INEOS Manufacturing Deutschland GmbH;50769;Köln;2.233.128 T€ (2006);51,04626083;6,850763798;http://www.ineoskoeln.de;Industrie/ Handwerk; 2.233.128.000   ; 22.331   ; 8.218   ; 12.774   ; 43.323   ;Gunnar Schwarz;Gunnar.Schwarz@ineoskoeln.de;1B;BaptistStraße 44
19;41201;41000;STRABAG AG KÖLN;50679;Köln;2.199.491 T€ (2016);50,94260788;6,96796608;http://www.strabag.de;Bau- und Ausbaugewerbe; 2.199.491.000   ; 20.675   ; 11.173   ; 11.262   ; 43.110   ;Ben Zimmermann;Ben.Zimmermann@strabag.de;2A;
20;64200;64000;Unitymedia GmbH;50933;Köln;2.172.300 T€ (2015);50,94226074;6,880349159;https://www.unitymedia.de;Dienstleistung; 2.172.300.000   ; 18.247   ; 7.212   ; 15.380   ; 40.839   ;Josef Braun;Josef.Braun@unitymedia.de;3E;WendelinStraße 90
21;35140;35000;RHEINENERGIE TRADING GMBH KÖLN;50823;Köln;2.079.543 T€ (2015);50,94260788;6,96796608;https://www.rheinenergie.com;Dienstleistung; 2.079.543.000   ; 25.578   ; 8.817   ; 3.869   ; 38.264   ;Dana Krüger;Dana.Krueger@rheinenergie.com;2D;
22;70101;70000;TÜV RHEINLAND AG KÖLN;51105;Köln;1.917.886 T€ (2016);50,94260788;6,96796608;https://www.tuv.com;Dienstleistung; 1.917.886.000   ; 15.535   ; 5.677   ; 15.611   ; 36.823   ;Lukas Hofmann;Lukas.Hofmann@tuv.com;2C;
23;20500;20000;BP Chemie GmbH;50769;Köln;1.886.320 T€ (2000);51,04626083;6,850763798;;Industrie/ Handwerk; 1.886.320.000   ; 23.013   ; 8.677   ; 4.150   ; 35.840   ;Ilka Hartmann;;3A;BaptistStraße 44
24;71121;71000;STRABAG AG KOELN;50679;Köln;1.826.458 T€ (2015);50,94260788;6,96796608;http://www.strabag.de;Dienstleistung; 1.826.458.000   ; 19.178   ; 5.479   ; 9.680   ; 34.337   ;Xanthippe Lange;Xanthippe.Lange@strabag.de;1E;
25;60000;60000;RTL Television GmbH;50679;Köln;1.708.498 T€ (2016);50,93482208;6,981100082;https://www.mediengruppe-rtl.de;Dienstleistung; 1.708.498.000   ; 18.964   ; 5.194   ; 10.012   ; 34.170   ;Thomas Schmitt;Thomas.Schmitt@mediengruppe-rtl.de;2D;WalthariStraße 14
26;38210;38000;Der Grüne Punkt - Duales System Deutschland Aktiengesellschaft;51145;Köln;1.696.511 T€ (2003);50,88391876;7,077330112;https://www.gruener-punkt.de;Industrie/ Handwerk; 1.696.511.000   ; 22.055   ; 5.632   ; 4.886   ; 32.573   ;Mia Werner;Mia.Werner@gruener-punkt.de;2D;Pfaffenpfad 13
27;42110;42000;STRABAG AG;50679;Köln;1.657.968 T€ (2002);50,93482208;6,981100082;http://www.strabag.com;Bau- und Ausbaugewerbe; 1.657.968.000   ; 15.585   ; 8.356   ; 9.218   ; 33.159   ;Jan Schmitz;Jan.Schmitz@strabag.com;3E;WalthariStraße 14
28;45110;45000;Volvo Car Germany GmbH;50679;Köln;1.634.827 T€ (2016);50,93482208;6,981100082;https://www.volvocars.com;Großhandel; 1.634.827.000   ; 14.060   ; 4.774   ; 12.228   ; 31.062   ;Leonie Krause;Leonie.Krause@volvocars.com;1A;WalthariStraße 14
29;47192;47000;REWE Großflächen- gesellschaft mbH;50668;Köln;1.496.123 T€ (2004);50,94987869;6,96416378;https://www.rewe-group.com;Einzelhandel; 1.496.123.000   ; 16.906   ; 5.566   ; 5.954   ; 28.426   ;Finja Meier;Finja.Meier@rewe-group.com;1D;Theodor-Heuss-Ring 50
30;47191;47000;REWE ZENTRAL AKTIENGESELLSCHAFT KÖLN;50668;Köln;1.364.900 T€ (2016);50,94260788;6,96796608;https://www.rewe-group.com;Einzelhandel; 1.364.900.000   ; 14.195   ; 4.313   ; 8.244   ; 26.752   ;Paul Lehmann;Paul.Lehmann@rewe-group.com;2A;
31;79120;79000;DER Touristik Deutschland GmbH;51149;Köln;1.323.518 T€ (2004);50,90459442;7,047994137;http://www.dertouristik.com;Dienstleistung; 1.323.518.000   ; 13.235   ; 5.453   ; 5.400   ; 24.088   ;Finn Schmid;Finn.Schmid@dertouristik.com;3B;Schwarzer Weg
32;82999;82000;AXA Service AG;51067;Köln;1.314.350 T€ (2008);50,96445847;7,040765762;https://www.axa.de;Dienstleistung; 1.314.350.000   ; 11.041   ; 6.151   ; 6.992   ; 24.184   ;Ida Schulze;Ida.Schulze@axa.de;1C;BurgwiesenStraße 60
33;19200;19000;INEOS Köln GmbH;50769;Köln;1.303.504 T€ (2016);51,04626083;6,850763798;;Industrie/ Handwerk; 1.303.504.000   ; 9.385   ; 4.797   ; 10.063   ; 24.245   ;Kimi Maier;;1B;BaptistStraße 44
34;70101;70000;DEUTZ AG KÖLN;51149;Köln;1.260.200 T€ (2016);50,94260788;6,96796608;https://www.deutz.com;Dienstleistung; 1.260.200.000   ; 13.358   ; 5.545   ; 4.537   ; 23.440   ;Alexander Köhler;Alexander.Koehler@deutz.com;1B;
35;;;GETRAG FORD Transmissions GmbH;50735;Köln;1.244.457 T€ (2015);50,99375534;6,95991993;;; 1.244.457.000   ; 13.689   ; 6.421   ; 3.784   ; 23.894   ;Fiete Herrmann;;1E;Auf der Seekante 12
36;45100;45000;PEUGEOT DEUTSCHLAND GMBH SAARBRÜCKEN;51149;Köln;1.179.409 T€ (2015);50,90459442;7,047994137;https://haendler.peugeot.de;Großhandel; 1.179.409.000   ; 10.969   ; 4.387   ; 7.760   ; 23.116   ;Arvid König;Arvid.Koenig@haendler.peugeot.de;2C;Schwarzer Weg
37;;;Unitymedia GmbH;50933;Köln;1.161.925 T€ (2008);50,94226074;6,880349159;https://www.unitymedia.de;; 1.161.925.000   ; 12.200   ; 3.904   ; 6.902   ; 23.006   ;Luca Walter;Luca.Walter@unitymedia.de;2A;WendelinStraße 90
38;45110;45000;Toyota Deutschland GmbH;50858;Köln;1.137.858 T€ (2016);50,91482;6,85671;https://www.toyota.de;Großhandel; 1.137.858.000   ; 8.648   ; 3.778   ; 10.331   ; 22.757   ;Nils Mayer;Nils.Mayer@toyota.de;2D;Toyota-Allee 42A
39;70109;70000;Ströer SE & Co. KGaA;50999;Köln;1.123.257 T€ (2016);50,86056;6,99846;https://www.stroeer.com;Dienstleistung; 1.123.257.000   ; 9.772   ; 5.122   ; 5.549   ; 20.443   ;Julia Huber;Julia.Huber@stroeer.com;2E;Ströer-Allee
40;46350;46000;JT International Germany GmbH;50670;Köln;1.029.992 T€ (2005);50,95000458;6,944939137;;Großhandel; 1.029.992.000   ; 12.772   ; 4.079   ; 2.925   ; 19.776   ;Lara Kaiser;;3E;Im MediaPark 6C
41;46179;46000;Juan Garcia-Lax Gesellschaft mit beschränkter Haftung;50969;Köln;1.025.587 T€ (2014);50,90608597;6,937514782;https://garcia-lax.de;Großhandel; 1.025.587.000   ; 8.820   ; 2.954   ; 7.507   ; 19.281   ;Noah Fuchs;Noah.Fuchs@garcia-lax.de;3C;Zollstockgürtel 47
42;10810;10000;PFEIFER LANGEN GMBH CO. KG KÖLN;50858;Köln;1.009.900 T€ (2015);50,94260788;6,96796608;http://www.pfeifer-langen.com;Industrie/ Handwerk; 1.009.900.000   ; 12.927   ; 5.090   ; 767   ; 18.784   ;Hauke Peters;Hauke.Peters@pfeifer-langen.com;3D;
43;47112;47000;FÜR SIE Handelsgenossenschaft eG Food - Non Food;50668;Köln;927.549 T€ (2015);50,94987869;6,96416378;https://www.cio.de;Einzelhandel; 927.549.000   ; 8.255   ; 3.079   ; 7.217   ; 18.551   ;Maria Lang;Maria.Lang@cio.de;2A;Theodor-Heuss-Ring 50
44;70109;70000;Akzo Nobel GmbH;50829;Köln;924.600 T€ (2015);50,97174835;6,860268116;https://www.akzonobel.com;Dienstleistung; 924.600.000   ; 9.246   ; 2.996   ; 5.695   ; 17.937   ;Michaela Scholz;Michaela.Scholz@akzonobel.com;3B;Freimersdorfer Weg 6
45;46340;46000;FÜR SIE Lebensmittelhandel-Verwaltungsgesellschaft mbH;50668;Köln;861.656 T€ (2015);50,94987869;6,96416378;https://www.fuer-sie-eg.de;Großhandel; 861.656.000   ; 7.152   ; 4.101   ; 4.774   ; 16.027   ;Sven Möller;Sven.Moeller@fuer-sie-eg.de;2E;Theodor-Heuss-Ring 50
46;70109;70000;Intersnack Knabber-Gebäck Unternehmensverwaltungs-GmbH & Co. Kommanditgesellschaft;50858;Köln;834.343 T€ (2009);50,92154694;6,857530117;https://www.intersnack.de;Dienstleistung; 834.343.000   ; 8.260   ; 4.038   ; 3.555   ; 15.853   ;Jördis Weiß;Joerdis.Weiss@intersnack.de;3E;
47;38320;38000;Der Grüne Punkt - Duales System Deutschland GmbH;51145;Köln;821.703 T€ (2008);50,88391876;7,077330112;https://www.gruener-punkt.de;Industrie/ Handwerk; 821.703.000   ; 7.149   ; 4.043   ; 4.585   ; 15.777   ;Nele Jung;Nele.Jung@gruener-punkt.de;3A;Pfaffenpfad 13
48;70109;70000;Unitymedia BW GmbH;50933;Köln;775.677 T€ (2015);50,94226074;6,880349159;https://www.unitymedia.de;Dienstleistung; 775.677.000   ; 6.593   ; 2.761   ; 6.004   ; 15.358   ;Hedda Hahn;Hedda.Hahn@unitymedia.de;1D;WendelinStraße 90
49;;;TOYOTA Leasing GmbH;50858;Köln;749.208 T€ (2008);50,91482;6,85671;https://www.toyota.de;; 749.208.000   ; 6.144   ; 3.117   ; 4.674   ; 13.935   ;Torsten Schubert;Torsten.Schubert@toyota.de;3C;Toyota-Allee 42A
50;;;Rheinbraun Brennstoff GmbH;50935;Köln;706.921 T€ (2011);50,92298889;6,892910004;https://www.rheinbraun-brennstoff.de;; 706.921.000   ; 9.049   ; 3.110   ; 1.414   ; 13.573   ;Gesine Vogel;Gesine.Vogel@rheinbraun-brennstoff.de;2E;WerthmannStraße 5
51;46721;46000;Usinor Stahl GmbH;50672;Köln;701.710 T€ (2002);50,94238663;6,934085846;;Großhandel; 701.710.000   ; 8.070   ; 2.779   ; 3.185   ; 14.034   ;Kjell Friedrich;;3E;Venloer Straße 41
52;82999;82000;DSD - Duales System Holding GmbH & Co. KG;51145;Köln;647.953 T€ (2014);50,88391876;7,077330112;https://www.gruener-punkt.de;Dienstleistung; 647.953.000   ; 8.164   ; 3.162   ; 1.503   ; 12.829   ;Linda Keller;Linda.Keller@gruener-punkt.de;3E;Pfaffenpfad 13
53;35130;35000;Yello Strom GmbH;50679;Köln;640.953 T€ (2016);50,93482208;6,981100082;;Dienstleistung; 640.953.000   ; 7.435   ; 3.128   ; 1.487   ; 12.050   ;Ruth Günther;;2A;WalthariStraße 14
54;60200;60000;VOX Television GmbH;50679;Köln;633.872 T€ (2016);50,93482208;6,981100082;https://www.vox.de;Dienstleistung; 633.872.000   ; 4.944   ; 2.764   ; 4.082   ; 11.790   ;Eva Frank;Eva.Frank@vox.de;2D;WalthariStraße 14
55;96090;96000;UNITYMEDIA NRW GMBH KÖLN;50933;Köln;631.166 T€ (2009);50,94260788;6,96796608;https://www.unitymedia.de;Dienstleistung; 631.166.000   ; 5.617   ; 2.348   ; 3.396   ; 11.361   ;Christina Berger;Christina.Berger@unitymedia.de;1C;
56;88990;88000;Malteser Deutschland gemeinnützige GmbH;51103;Köln;627.485 T€ (2016);50,94011688;7,012451172;;Dienstleistung; 627.485.000   ; 7.718   ; 2.108   ; 2.347   ; 12.173   ;Lennja Winkler;;3A;DieselStraße 2A
57;46721;46000;ArcelorMittal Distribution GmbH;50672;Köln;621.532 T€ (2011);50,94238663;6,934085846;https://germany.arcelormittal.com;Großhandel; 621.532.000   ; 5.905   ; 2.113   ; 4.164   ; 12.182   ;Rory Roth;Rory.Roth@germany.arcelormittal.com;1E;Venloer Straße 41
58;46721;46000;ArcelorMittal Distribution GmbH;50672;Köln;621.532 T€ (2011);50,94238663;6,934085846;https://germany.arcelormittal.com;Großhandel; 621.532.000   ; 7.272   ; 3.108   ; 1.429   ; 11.809   ;Elias Beck;Elias.Beck@germany.arcelormittal.com;1B;Venloer Straße 41
59;82999;82000;Der Grüne Punkt - Duales System Deutschland GmbH;51145;Köln;621.142 T€ (2013);50,88391876;7,077330112;https://www.gruener-punkt.de;Dienstleistung; 621.142.000   ; 5.777   ; 2.957   ; 3.192   ; 11.926   ;Andrea Lorenz;Andrea.Lorenz@gruener-punkt.de;2D;Pfaffenpfad 13
60;35220;35000;Rheinische NETZGesellschaft mbH;50823;Köln;615.373 T€ (2015);50,9512291;6,926065922;http://www.rng.de;Dienstleistung; 615.373.000   ; 7.631   ; 1.748   ; 2.559   ; 11.938   ;Svea Baumann;Svea.Baumann@rng.de;1C;Subbelrather Straße 151
61;70109;70000;Franz Beteiligungsgesellschaft mbH;50823;Köln;600.876 T€ (2015);50,9512291;6,926065922;https://www.northdata.de;Dienstleistung; 600.876.000   ; 5.949   ; 2.788   ; 2.680   ; 11.417   ;Sören Franke;Soeren.Franke@northdata.de;2A;Subbelrather Straße 151
62;70109;70000;ALBA SE;51149;Köln;596.994 T€ (2016);50,90459442;7,047994137;https://www.alba.info;Dienstleistung; 596.994.000   ; 5.851   ; 2.866   ; 2.506   ; 11.223   ;Lasse Albrecht;Lasse.Albrecht@alba.info;2B;Schwarzer Weg
63;71129;71000;ZEG Zweirad-Einkaufsgenossenschaft eingetragene Genossenschaft;50739;Köln;592.143 T€ (2015);50,97428131;6,923274994;http://www.zeg.de;Dienstleistung; 592.143.000   ; 5.921   ; 2.795   ; 2.416   ; 11.132   ;Emma Schuster;Emma.Schuster@zeg.de;2D;Robert-Perthel-Straße
64;64200;64000;DuMont Mediengruppe GmbH & Co.KG;50735;Köln;591.625 T€ (2016);50,99375534;6,95991993;;Dienstleistung; 591.625.000   ; 5.502   ; 2.603   ; 2.899   ; 11.004   ;Fynn Simon;;3A;Auf der Seekante 12
65;46310;46000;Rosenbaum Verwaltungs GmbH;50997;Köln;591.285 T€ (2015);50,86512375;6,959179878;https://branchenbuch.meinestadt.de;Großhandel; 591.285.000   ; 7.687   ; 2.744   ; 685   ; 11.116   ;Carolin Ludwig;Carolin.Ludwig@branchenbuch.meinestadt.de;3A;Am KirchWeg 13
66;22290;22000;igus gmbh;51147;Köln;552.437 T€ (2015);50,87181473;7,126286983;https://www.igus.de;Industrie/ Handwerk; 552.437.000   ; 4.585   ; 2.630   ; 3.613   ; 10.828   ;Oliver Böhm;Oliver.Boehm@igus.de;3E;Heinrich-Steinmann-Straße
67;58130;58000;Mediengruppe M. DuMont Schauberg GmbH & Co. KG;50735;Köln;546.235 T€ (2015);;;;Dienstleistung; 546.235.000   ; 6.118   ; 1.901   ; 2.906   ; 10.925   ;Svenja Winter;;1D;
68;45100;45000;PSA Retail GmbH;51149;Köln;530.582 T€ (2014);50,90459442;7,047994137;https://www.psa-retail.de;Großhandel; 530.582.000   ; 3.926   ; 2.568   ; 3.481   ; 9.975   ;Gunnar Kraus;Gunnar.Kraus@psa-retail.de;2D;Schwarzer Weg
69;45100;45000;Renault Retail Group Deutschland GmbH;50939;Köln;522.471 T€ (2016);50,90568924;6,924170017;https://renault-retail.de;Großhandel; 522.471.000   ; 4.023   ; 2.236   ; 4.086   ; 10.345   ;Ben Martin;Ben.Martin@renault-retail.de;3A;DrachenfelsStraße 50
70;71122;71000;SUEZ Recycling & Recovery Deutschland GmbH;50999;Köln;522.055 T€ (2016);50,87046051;7,015705109;https://www.suez-deutschland.de;Dienstleistung; 522.055.000   ; 5.690   ; 1.838   ; 2.913   ; 10.441   ;Josef Schumacher;Josef.Schumacher@suez-deutschland.de;3C;SchlehenWeg 15
71;47290;47000;Sara Lee Coffee & Tea Germany GmbH;51149;Köln;504.720 T€ (2005);50,90459442;7,047994137;;Einzelhandel; 504.720.000   ; 3.987   ; 1.777   ; 3.927   ; 9.691   ;Dana Krämer;;2A;Schwarzer Weg
72;10130;10000;WILHELM BRANDENBURG GMBH + CO OHG KÖLN;50668;Köln;484.519 T€ (2008);50,94260788;6,96796608;http://www.wilhelmbrandenburg.de;Industrie/ Handwerk; 484.519.000   ; 4.700   ; 2.384   ; 1.928   ; 9.012   ;Lukas Vogt;Lukas.Vogt@wilhelmbrandenburg.de;2B;
73;;;POLIFILM GMBH KÖLN;50676;Köln;478.059 T€ (2014);;;http://www.polifilm.de;; 478.059.000   ; 4.542   ; 1.587   ; 2.667   ; 8.796   ;Ilka Stein;Ilka.Stein@polifilm.de;1D;
74;43220;43000;ENGIE Deutschland GmbH;50858;Köln;468.250 T€ (2015);50,92154694;6,857530117;https://www.engie-deutschland.de;Bau- und Ausbaugewerbe; 468.250.000   ; 3.371   ; 1.480   ; 3.952   ; 8.803   ;Xanthippe Jäger;Xanthippe.Jaeger@engie-deutschland.de;2C;
75;70220;70000;Volvo Car Holding Germany GmbH;50933;Köln;455.500 T€ (2008);50,94226074;6,880349159;https://www.volvocars.com;Dienstleistung; 455.500.000   ; 4.145   ; 1.731   ; 3.234   ; 9.110   ;Thomas Otto;Thomas.Otto@volvocars.com;1D;WendelinStraße 90
76;62020;62000;cleverbridge AG;50670;Köln;446.482 T€ (2015);50,95000458;6,944939137;https://www.cleverbridge.com;Dienstleistung; 446.482.000   ; 4.867   ; 1.947   ; 1.848   ; 8.662   ;Mia Sommer;Mia.Sommer@cleverbridge.com;3C;Im MediaPark 6C
77;46750;46000;Omya Gesellschaft mit beschränkter Haftung;50679;Köln;438.575 T€ (2015);50,93482208;6,981100082;https://www.omya.com;Großhandel; 438.575.000   ; 5.044   ; 1.579   ; 1.973   ; 8.596   ;Jan Groß;Jan.Gross@omya.com;1B;WalthariStraße 14
78;;;Universitätsklinikum Köln;50937;Köln;429.663 T€ (2013);50,94260788;6,96796608;https://www.uk-koeln.de;; 429.663.000   ; 3.824   ; 1.839   ; 2.243   ; 7.906   ;Leonie Seidel;Leonie.Seidel@uk-koeln.de;2E;
79;;;Komet Electronic GmbH;51149;Köln;419.209 T€ (2007);50,90459442;7,047994137;https://www.kometgroup.com;; 419.209.000   ; 3.647   ; 2.046   ; 1.937   ; 7.630   ;Finja Heinrich;Finja.Heinrich@kometgroup.com;1E;Schwarzer Weg
80;70101;70000;ArcelorMittal Distribution GmbH;50670;Köln;417.794 T€ (2015);50,95000458;6,944939137;https://germany.arcelormittal.com;Dienstleistung; 417.794.000   ; 3.259   ; 1.454   ; 3.392   ; 8.105   ;Paul Brandt;Paul.Brandt@germany.arcelormittal.com;2E;Im MediaPark 6C
81;27320;27000;NKT GmbH & Co. KG;51061;Köln;416.684 T€ (2015);50,99834061;6,991382122;https://www.nkt.de;Industrie/ Handwerk; 416.684.000   ; 4.209   ; 1.600   ; 2.025   ; 7.834   ;Finn Haas;Finn.Haas@nkt.de;2C;SemmelweisStraße 111
82;20160;20000;INEOS Styrolution Köln GmbH;50769;Köln;416.132 T€ (2010);51,04626083;6,850763798;https://www.ineos-styrolution.com;Industrie/ Handwerk; 416.132.000   ; 3.496   ; 1.964   ; 2.779   ; 8.239   ;Ida Schreiber;Ida.Schreiber@ineos-styrolution.com;1E;BaptistStraße 44
83;43991;43000;Xervon GmbH;50735;Köln;409.784 T€ (2009);50,99375534;6,95991993;;Bau- und Ausbaugewerbe; 409.784.000   ; 3.688   ; 1.869   ; 2.311   ; 7.868   ;Kimi Graf;;3B;Auf der Seekante 12
84;46310;46000;R o s e n b a u m Fruchtimport und Logistik GmbH;50997;Köln;404.368 T€ (2016);50,86512375;6,959179878;https://www.rosenbaumgruppe.eu;Großhandel; 404.368.000   ; 3.801   ; 1.957   ; 1.925   ; 7.683   ;Alexander Schulte;Alexander.Schulte@rosenbaumgruppe.eu;2A;Am KirchWeg 13
85;96090;96000;QSC AG KÖLN;50829;Köln;385.979 T€ (2016);50,94260788;6,96796608;https://www.qsc.de;Dienstleistung; 385.979.000   ; 4.979   ; 1.096   ; 950   ; 7.025   ;Fiete Dietrich;Fiete.Dietrich@qsc.de;3C;
86;86100;86000;Hospitalvereinigung St. Marien GmbH;50737;Köln;377.471 T€ (2016);50,98659515;6,937414169;https://www.cellitinnenhaeuser.de;Dienstleistung; 377.471.000   ; 4.228   ; 1.827   ; 1.419   ; 7.474   ;Arvid Ziegler;Arvid.Ziegler@cellitinnenhaeuser.de;3E;Stettiner Straße 10
87;74900;74000;EMONS HOLDING GMBH & CO KG KÖLN;51105;Köln;376.876 T€ (2015);50,94260788;6,96796608;https://www.emons.de;Dienstleistung; 376.876.000   ; 4.824   ; 1.447   ; 814   ; 7.085   ;Luca Kuhn;Luca.Kuhn@emons.de;2B;
88;20590;20000;Deutsche Infineum GmbH & Co. KG;50735;Köln;370.837 T€ (2015);50,99375534;6,95991993;https://www.chemcologne.de;Industrie/ Handwerk; 370.837.000   ; 3.523   ; 1.661   ; 1.936   ; 7.120   ;Nils Kühn;Nils.Kuehn@chemcologne.de;1B;Auf der Seekante 12
89;86100;86000;Kliniken der Stadt Köln gGmbH;51067;Köln;365.815 T€ (2016);50,96445847;7,040765762;https://www.kliniken-koeln.de;Dienstleistung; 365.815.000   ; 2.670   ; 1.463   ; 2.671   ; 6.804   ;Julia Pohl;Julia.Pohl@kliniken-koeln.de;2D;BurgwiesenStraße 60
90;35140;35000;E WIE EINFACH GmbH;50677;Köln;360.492 T€ (2016);50,92203522;6,949436188;https://www.e-wie-einfach.de;Dienstleistung; 360.492.000   ; 3.749   ; 1.211   ; 1.529   ; 6.489   ;Lara Engel;Lara.Engel@e-wie-einfach.de;1C;KleingedankStraße 11
91;46493;46000;beeline GmbH;51063;Köln;354.775 T€ (2016);50,9667511;7,014326096;https://www.beeline-group.com;Großhandel; 354.775.000   ; 3.335   ; 1.050   ; 2.214   ; 6.599   ;Noah Horn;Noah.Horn@beeline-group.com;3E;SchanzenStraße 14
92;15120;15000;RIMOWA GmbH;50829;Köln;350.424 T€ (2015);50,97174835;6,860268116;;Industrie/ Handwerk; 350.424.000   ; 3.084   ; 1.107   ; 2.257   ; 6.448   ;Hauke Busch;;3E;Freimersdorfer Weg 6
93;46340;46000;Pernod Ricard Deutschland GmbH;50674;Köln;344.589 T€ (2012);50,93148422;6,933364868;https://www.pernod-ricard.de;Großhandel; 344.589.000   ; 2.550   ; 1.751   ; 1.902   ; 6.203   ;Maria Bergmann;Maria.Bergmann@pernod-ricard.de;2D;DasselStraße 68
94;70101;70000;Klosterfrau Deutschland GmbH;50670;Köln;337.057 T€ (2016);50,98091;6,94411;http://www.klosterfrau.de;Dienstleistung; 337.057.000   ; 4.180   ; 1.011   ; 876   ; 6.067   ;Michaela Thomas;Michaela.Thomas@klosterfrau.de;2C;KlarissenWeg 1
95;45100;45000;AUTOH. JACOB FLEISCHHAUER KÖLN;50823;Köln;336.770 T€ (2013);50,94260788;6,96796608;https://www.fleischhauer.com;Großhandel; 336.770.000   ; 2.458   ; 983   ; 2.688   ; 6.129   ;Sven Voigt;Sven.Voigt@fleischhauer.com;3E;
96;21200;21000;MADAUS HOLDING GmbH;51067;Köln;335.135 T€ (2006);50,96445847;7,040765762;;Industrie/ Handwerk; 335.135.000   ; 4.156   ; 1.408   ; 468   ; 6.032   ;Jördis Sauer;;3D;BurgwiesenStraße 60
97;;;Microlog Logistics AG;50858;Köln;327.521 T€ (2006);50,92154694;6,857530117;http://mylogistics.net;; 327.521.000   ; 3.963   ; 1.651   ; 347   ; 5.961   ;Nele Arnold;Nele.Arnold@mylogistics.net;3A;
98;;;Microlog Immobilien GmbH;51107;Köln;327.521 T€ (2006);50,92203522;7,077070236;;; 327.521.000   ; 2.784   ; 1.664   ; 1.578   ; 6.026   ;Hedda Wolff;;2D;Birkenallee 28
99;70220;70000;SQS SOFTWARE QUALITY SYSTEMS AG KÖLN;51149;Köln;327.103 T€ (2016);50,94260788;6,96796608;https://www.sqs.com;Dienstleistung; 327.103.000   ; 3.173   ; 981   ; 1.799   ; 5.953   ;Torsten Pfeiffer;Torsten.Pfeiffer@sqs.com;2B;
100;64910;64000;Volvo Auto Leasing Deutschland GmbH;50996;Köln;323.006 T€ (2006);50,8836441;6,986876011;https://www.volvocars.com;Dienstleistung; 323.006.000   ; 3.618   ; 1.576   ; 685   ; 5.879   ;Gesine Schubert;Gesine.Schubert@volvocars.com;2C;Schillingsrotter Straße 100
101;68320;68000;GAG Immobilien AG;50933;Köln;319.398 T€ (2016);50,94226074;6,880349159;;Bau- und Ausbaugewerbe; 319.398.000   ; 3.705   ; 1.482   ; 1.137   ; 6.324   ;Kjell Vogel;;1D;WendelinStraße 90
102;45100;45000;PSA RETAIL GMBH;51149;Köln;318.013 T€ (2013);50,90459442;7,047994137;https://www.psa-retail.de;Großhandel; 318.013.000   ; 2.735   ; 1.552   ; 2.010   ; 6.297   ;Linda Friedrich;Linda.Friedrich@psa-retail.de;2A;Schwarzer Weg
103;;;SH Telekommunikation Deutschland GmbH;50667;Köln;316.919 T€ (2014);50,93931961;6,95490694;https://sh.de;; 316.919.000   ; 2.979   ; 989   ; 1.800   ; 5.768   ;Ruth Keller;Ruth.Keller@sh.de;2C;MinoritenStraße 9
104;;;ROLEX Deutschland Gesellschaft mit beschränkter Haftung;50667;Köln;315.007 T€ (2014);50,93931961;6,95490694;https://www.rolex.com;; 315.007.000   ; 3.339   ; 1.588   ; 932   ; 5.859   ;Eva Günther;Eva.Guenther@rolex.com;1A;MinoritenStraße 9
105;46520;46000;Tower Automotive Holding GmbH;51107;Köln;312.549 T€ (2015);50,92203522;7,077070236;https://towerinternational.com;Großhandel; 312.549.000   ; 2.500   ; 1.475   ; 2.151   ; 6.126   ;Christina Frank;Christina.Frank@towerinternational.com;3E;Birkenallee 28
106;;;B.COM Computer AG;51105;Köln;305.430 T€ (2011);50,91752625;6,995742798;;; 305.430.000   ; 2.657   ; 1.026   ; 1.815   ; 5.498   ;Lennja Berger;;3B;Rolshover Straße 525
107;;;TOYS R US GMBH KÖLN;50827;Köln;304.680 T€ (2010);50,94260788;6,96796608;http://www.toysrus.de;; 304.680.000   ; 2.651   ; 865   ; 2.212   ; 5.728   ;Rory Winkler;Rory.Winkler@toysrus.de;2D;
108;70101;70000;Taunus Beteiligungs GmbH;51103;Köln;303.229 T€ (2015);50,94011688;7,012451172;https://www.northdata.de;Dienstleistung; 303.229.000   ; 2.759   ; 1.274   ; 1.546   ; 5.579   ;Elias Roth;Elias.Roth@northdata.de;2E;DieselStraße 2A
109;;;FLUGHAFEN KÖLN BONN GMBH KÖLN;51147;Köln;297.442 T€ (2015);50,86944;7,11543;https://www.koeln-bonn-airport.de;; 297.442.000   ; 2.171   ; 1.404   ; 2.195   ; 5.770   ;Andrea Beck;Andrea.Beck@koeln-bonn-airport.de;3A;OstStraße
110;70101;70000;E&P Holding GmbH & Co. KG;50858;Köln;292.688 T€ (2010);50,92154694;6,857530117;http://www.aktionsbund.de;Dienstleistung; 292.688.000   ; 2.049   ; 1.042   ; 2.236   ; 5.327   ;Svea Lorenz;Svea.Lorenz@aktionsbund.de;2D;
111;61909;61000;MEDIA BROADCAST GmbH;51103;Köln;292.024 T€ (2015);50,94011688;7,012451172;;Dienstleistung; 292.024.000   ; 3.387   ; 1.086   ; 1.134   ; 5.607   ;Sören Baumann;;2E;DieselStraße 2A
112;71121;71000;STRABAG Infrastructure & Safety Solutions GmbH;50679;Köln;287.923 T€ (2007);50,93482208;6,981100082;http://www.strabag-iss.com;Dienstleistung; 287.923.000   ; 3.340   ; 1.313   ; 530   ; 5.183   ;Lasse Franke;Lasse.Franke@strabag-iss.com;3D;WalthariStraße 14
113;35200;35000;rhenag Rheinische Energie Aktiengesellschaft;50968;Köln;285.875 T€ (2006);50,90354538;6,9685812;https://www.rhenag.de;Dienstleistung; 285.875.000   ; 2.287   ; 800   ; 2.116   ; 5.203   ;Emma Albrecht;Emma.Albrecht@rhenag.de;1D;Bayenthalgürtel 39A
114;46712;46000;Kuttenkeuler Mineralölhandels- und Tankstellenbetriebsgesellschaft mbH;50996;Köln;285.117 T€ (2015);50,8836441;6,986876011;http://kuttenkeuler.de;Großhandel; 285.117.000   ; 2.880   ; 1.163   ; 1.659   ; 5.702   ;Fynn Schuster;Fynn.Schuster@kuttenkeuler.de;1E;Schillingsrotter Straße 100
115;49399;49000;Kölner Verkehrs-Betriebe Aktiengesellschaft;50933;Köln;284.884 T€ (2016);50,94795;6,85029;;Bau- und Ausbaugewerbe; 284.884.000   ; 3.305   ; 1.197   ; 1.082   ; 5.584   ;Carolin Simon;;3E;Kölner Straße
116;28130;28000;Leybold GmbH;50968;Köln;283.041 T€ (2015);50,89824;6,97346;;Industrie/ Handwerk; 283.041.000   ; 3.198   ; 1.325   ; 742   ; 5.265   ;Oliver Ludwig;;2D;LeyboldStraße 54B
117;70100;70000;Belron GmbH;50997;Köln;281.791 T€ (2015);50,86512375;6,959179878;;Dienstleistung; 281.791.000   ; 2.508   ; 1.308   ; 1.313   ; 5.129   ;Svenja Böhm;;3C;Am KirchWeg 13
118;;;KARSTADT FEINKOST GMBH CO KG KÖLN;50933;Köln;277.969 T€ (2015);50,94260788;6,96796608;https://karstadt-lebensmittel.de;; 277.969.000   ; 1.974   ; 1.434   ; 1.818   ; 5.226   ;Gunnar Winter;Gunnar.Winter@karstadt-lebensmittel.de;3E;
119;;;Emons Spedition GmbH;51105;Köln;276.265 T€ (2015);50,91752625;6,995742798;https://www.emons.de;; 276.265.000   ; 2.376   ; 1.171   ; 1.426   ; 4.973   ;Ben Kraus;Ben.Kraus@emons.de;1D;Rolshover Straße 525
120;43342;43000;Carglass GmbH;50997;Köln;274.167 T€ (2010);50,86512375;6,959179878;;Bau- und Ausbaugewerbe; 274.167.000   ; 3.153   ; 954   ; 1.267   ; 5.374   ;Josef Martin;;3C;Am KirchWeg 13
121;35000;35000;Next Kraftwerke GmbH;50825;Köln;273.618 T€ (2015);50,95500565;6,911117077;https://www.next-kraftwerke.de;Dienstleistung; 273.618.000   ; 2.599   ; 865   ; 1.954   ; 5.418   ;Dana Schumacher;Dana.Schumacher@next-kraftwerke.de;2A;MarienStraße 68
122;20590;20000;Agfa-Gevaert Graphic Systems GmbH;50670;Köln;270.816 T€ (2006);50,95000458;6,944939137;https://www.hessenchemie.de;Industrie/ Handwerk; 270.816.000   ; 3.494   ; 834   ; 1.088   ; 5.416   ;Lukas Krämer;Lukas.Kraemer@hessenchemie.de;2E;Im MediaPark 6C
123;59110;59000;Colonia Media Filmproduk- tionsgesellschaft mbH;50933;Köln;264.708 T€ (2005);50,94226074;6,880349159;;Dienstleistung; 264.708.000   ; 2.144   ; 1.228   ; 1.657   ; 5.029   ;Ilka Vogt;;3A;WendelinStraße 90
124;68310;68000;Saar-Industrie (gegründet 1920) Gesellschaft mit beschränkter Haftung;50735;Köln;261.642 T€ (2008);51,02016;6,94673;;Bau- und Ausbaugewerbe; 261.642.000   ; 3.035   ; 1.193   ; 691   ; 4.919   ;Xanthippe Stein;;3D;IndustrieStraße
125;38210;38000;B.U.S. Berzelius Umwelt-Service Aktiengesellschaft;50670;Köln;256.981 T€ (2002);50,95000458;6,944939137;http://hvinfo.de;Industrie/ Handwerk; 256.981.000   ; 2.236   ; 1.162   ; 1.228   ; 4.626   ;Thomas Jäger;Thomas.Jaeger@hvinfo.de;1D;Im MediaPark 6C
126;37001;37000;DKR Deutsche Gesellschaft für Kreislaufwirtschaft und Rohstoffe mbH;51145;Köln;256.384 T€ (2013);50,88391876;7,077330112;https://www.neue-verpackung.de;Dienstleistung; 256.384.000   ; 2.743   ; 1.272   ; 805   ; 4.820   ;Mia Otto;Mia.Otto@neue-verpackung.de;3D;Pfaffenpfad 13
127;70101;70000;IBG Industrie-Beteiligungs Gesellschaft mbH & Co. Kommanditgesellschaft;50968;Köln;254.576 T€ (2015);50,90354538;6,9685812;https://www.ibg-group.de;Dienstleistung; 254.576.000   ; 2.877   ; 1.110   ; 697   ; 4.684   ;Jan Sommer;Jan.Sommer@ibg-group.de;2C;Bayenthalgürtel 39A
128;45310;45000;Collins & Aikman Automotive Trim GmbH;50769;Köln;251.499 T€ (2004);51,04626083;6,850763798;;Großhandel; 251.499.000   ; 2.213   ; 966   ; 1.599   ; 4.778   ;Leonie Groß;;1E;BaptistStraße 44
129;62030;62000;NetCologne Gesellschaft für Telekommunikation mit beschränkter Haftung;50829;Köln;249.742 T€ (2015);50,97174835;6,860268116;;Dienstleistung; 249.742.000   ; 3.172   ; 869   ; 454   ; 4.495   ;Finja Seidel;;1C;Freimersdorfer Weg 6
130;64910;64000;ABCFINANCE GMBH KÖLN;50672;Köln;248.714 T€ (2006);50,94260788;6,96796608;https://www.abcfinance.de;Dienstleistung; 248.714.000   ; 3.109   ; 726   ; 1.090   ; 4.925   ;Paul Heinrich;Paul.Heinrich@abcfinance.de;1A;
131;70109;70000;VAPIANO SE BONN;50678;Köln;248.614 T€ (2016);50,92593384;6,961803913;https://de.vapiano.com;Dienstleistung; 248.614.000   ; 2.188   ; 1.134   ; 1.501   ; 4.823   ;Finn Brandt;Finn.Brandt@de.vapiano.com;3B;BiberStraße 14
132;28491;28000;KHD Humboldt Wedag Vermögensverwaltungs-AG;51067;Köln;240.190 T€ (2014);50,96445847;7,040765762;http://hvinfo.de;Industrie/ Handwerk; 240.190.000   ; 2.258   ; 711   ; 1.787   ; 4.756   ;Ida Haas;Ida.Haas@hvinfo.de;2B;BurgwiesenStraße 60
133;43291;43000;Carrier Kältetechnik Deutschland GmbH;50999;Köln;237.471 T€ (2015);50,87046051;7,015705109;https://www.carrier.com;Bau- und Ausbaugewerbe; 237.471.000   ; 2.873   ; 1.102   ; 679   ; 4.654   ;Kimi Schreiber;Kimi.Schreiber@carrier.com;3C;SchlehenWeg 15
134;70101;70000;CORPUS SIREO Real Estate GmbH;50931;Köln;237.323 T€ (2013);50,93260956;6,919215202;https://www.corpus-sireo.com;Dienstleistung; 237.323.000   ; 2.136   ; 902   ; 1.471   ; 4.509   ;Alexander Graf;Alexander.Graf@corpus-sireo.com;2D;FrangenheimStraße 28A
135;46420;46000;SNIPES SE KÖLN;51063;Köln;236.276 T€ (2016);50,94260788;6,96796608;https://www.snipes.com;Großhandel; 236.276.000   ; 2.197   ; 1.229   ; 1.016   ; 4.442   ;Fiete Schulte;Fiete.Schulte@snipes.com;3B;
136;70101;70000;Wolters Kluwer Germany Holding GmbH;50939;Köln;236.000 T€ (2015);50,90568924;6,924170017;;Dienstleistung; 236.000.000   ; 2.714   ; 821   ; 760   ; 4.295   ;Arvid Dietrich;;2E;DrachenfelsStraße 50
137;70109;70000;HDI Kundenservice AG;50679;Köln;234.443 T€ (2010);50,93482208;6,981100082;;Dienstleistung; 234.443.000   ; 1.946   ; 938   ; 1.430   ; 4.314   ;Luca Ziegler;;3E;WalthariStraße 14
138;42990;42000;F. Kirchhoff GmbH;50679;Köln;234.003 T€ (2007);50,93482208;6,981100082;;Bau- und Ausbaugewerbe; 234.003.000   ; 2.457   ; 721   ; 1.362   ; 4.540   ;Nils Kuhn;;3A;WalthariStraße 14
139;96090;96000;Koelnmesse GmbH;50679;Köln;231.215 T€ (2014);50,9447;6,98891;;Dienstleistung; 231.215.000   ; 2.890   ; 1.017   ; 486   ; 4.393   ;Julia Kühn;;1A;Anschlussstelle Köln-Messe
140;;;Malteser Hilfsdienst gemeinnützige GmbH;51103;Köln;229.438 T€ (2014);50,94011688;7,012451172;https://www.malteser.de;; 229.438.000   ; 1.767   ; 1.166   ; 1.564   ; 4.497   ;Lara Pohl;Lara.Pohl@malteser.de;1E;DieselStraße 2A
141;64910;64000;GE Capital Solutions GmbH & Co. KG;50677;Köln;227.829 T€ (2007);50,92203522;6,949436188;;Dienstleistung; 227.829.000   ; 2.324   ; 902   ; 1.194   ; 4.420   ;Noah Engel;;1C;KleingedankStraße 11
142;66190;66000;OVB HOLDING AG KÖLN;50667;Köln;218.693 T€ (2016);50,94260788;6,96796608;https://www.ovb.eu;Dienstleistung; 218.693.000   ; 2.121   ; 910   ; 1.212   ; 4.243   ;Hauke Horn;Hauke.Horn@ovb.eu;1B;
143;37000;37000;Stadtentwässerungsbetriebe Köln AöR;51109;Köln;212.224 T€ (2016);50,94448853;7,074205875;https://www.steb-koeln.de;Dienstleistung; 212.224.000   ; 2.377   ; 891   ; 679   ; 3.947   ;Maria Busch;Maria.Busch@steb-koeln.de;2C;Mucher Straße 11
144;41201;41000;Bauwens Construction GmbH & Co. KG;50676;Köln;211.801 T€ (2013);50,93032074;6,951852798;https://www.bauwens.de;Bau- und Ausbaugewerbe; 211.801.000   ; 2.415   ; 1.051   ; 558   ; 4.024   ;Michaela Bergmann;Michaela.Bergmann@bauwens.de;1D;Perlengraben 75
145;29320;29000;Grupo Antolin Logistik Deutschland GmbH;51063;Köln;211.232 T€ (2016);50,9667511;7,014326096;http://www.grupoantolin.com;Industrie/ Handwerk; 211.232.000   ; 1.964   ; 727   ; 1.280   ; 3.971   ;Sven Koch;Sven.Koch@grupoantolin.com;2D;SchanzenStraße 14
146;82999;82000;HBS Global Properties Germany GmbH;50676;Köln;209.034 T€ (2017);50,93032074;6,951852798;http://hbsglobalproperties.com;Dienstleistung; 209.034.000   ; 2.425   ; 911   ; 719   ; 4.055   ;Jördis Bauer;Joerdis.Bauer@hbsglobalproperties.com;3E;Perlengraben 75
147;;;Grupo Antolin Logistik Deutschland GmbH;51063;Köln;201.955 T€ (2006);50,9667511;7,014326096;http://www.grupoantolin.com;; 201.955.000   ; 1.595   ; 614   ; 1.628   ; 3.837   ;Nele Richter;Nele.Richter@grupoantolin.com;3C;SchanzenStraße 14
148;60200;60000;UNITYMEDIA HESSEN GMBH CO KG KÖLN;50933;Köln;200.729 T€ (2009);50,94260788;6,96796608;https://www.unitymedia.de;Dienstleistung; 200.729.000   ; 2.589   ; 972   ; 92   ; 3.653   ;Hedda Klein;Hedda.Klein@unitymedia.de;3A;
149;46750;46000;IMCD Deutschland GmbH & Co. KG;50668;Köln;198.545 T€ (2015);50,94987869;6,96416378;https://www.imcdgroup.com;Großhandel; 198.545.000   ; 1.668   ; 667   ; 1.517   ; 3.852   ;Torsten Wolf;Torsten.Wolf@imcdgroup.com;2B;Theodor-Heuss-Ring 50
150;26111;26000;Energiebau Solarstromsysteme GmbH;50829;Köln;196.693 T€ (2012);50,97174835;6,860268116;https://www.solaranlage.de;Industrie/ Handwerk; 196.693.000   ; 2.046   ; 810   ; 999   ; 3.855   ;Gesine Schröder;Gesine.Schroeder@solaranlage.de;1D;Freimersdorfer Weg 6
151;60100;60000;Deutschlandradio (DRadio) Körperschaft des öffentlichen Rechts;50968;Köln;195.365 T€ (2013);50,90354538;6,9685812;https://www.deutschlandradio.de;Dienstleistung; 195.365.000   ; 2.462   ; 664   ; 703   ; 3.829   ;Kjell Neumann;Kjell.Neumann@deutschlandradio.de;3E;Bayenthalgürtel 39A
152;46510;46000;Electronic Arts GmbH;50678;Köln;193.544 T€ (2017);50,92593384;6,961803913;https://www.ea.com;Großhandel; 193.544.000   ; 1.761   ; 983   ; 856   ; 3.600   ;Linda Schwarz;Linda.Schwarz@ea.com;2E;BiberStraße 14
153;;;Bauwens Kapitalbeteiligung GmbH;50676;Köln;189.043 T€ (2005);50,93032074;6,951852798;https://www.bauwens.de;; 189.043.000   ; 2.287   ; 824   ; 556   ; 3.667   ;Ruth Zimmermann;Ruth.Zimmermann@bauwens.de;1C;Perlengraben 75
154;41201;41000;STRABAG Real Estate GmbH;50679;Köln;188.085 T€ (2015);50,93482208;6,981100082;http://www.strabag-real-estate.com;Bau- und Ausbaugewerbe; 188.085.000   ; 2.351   ; 910   ; 463   ; 3.724   ;Eva Braun;Eva.Braun@strabag-real-estate.com;3B;WalthariStraße 14
155;77390;77000;CHEP Deutschland GmbH;50679;Köln;184.006 T€ (2016);50,93482208;6,981100082;https://www.chep.com;Dienstleistung; 184.006.000   ; 1.730   ; 633   ; 1.060   ; 3.423   ;Christina Krüger;Christina.Krueger@chep.com;1B;WalthariStraße 14
156;46494;46000;FREYTAG & PETERSEN KÖLN;50739;Köln;183.285 T€ (2007);50,94260788;6,96796608;https://www.igepa.de;Großhandel; 183.285.000   ; 1.979   ; 521   ; 982   ; 3.482   ;Lennja Hofmann;Lennja.Hofmann@igepa.de;1B;
157;70101;70000;Wolters Kluwer Germany Holding GmbH;50939;Köln;183.054 T€ (2003);50,90568924;6,924170017;;Dienstleistung; 183.054.000   ; 2.123   ; 644   ; 528   ; 3.295   ;Rory Hartmann;;3D;DrachenfelsStraße 50
158;84110;84000;Beitragsservice der öffentlich-rechtlichen Landesrundfunkanstaltenn(ARD), des Zweiten Deutschen Fernsehen (ZDF) und des Deutschlandradio;50829;Köln;182.386 T€ (2013);50,97174835;6,860268116;https://www.rundfunkbeitrag.de;Dienstleistung; 182.386.000   ; 1.933   ; 839   ; 511   ; 3.283   ;Elias Lange;Elias.Lange@rundfunkbeitrag.de;2C;Freimersdorfer Weg 6
159;82999;82000;TURI Holding GmbH;51105;Köln;182.024 T€ (2015);50,91752625;6,995742798;https://www.northdata.de;Dienstleistung; 182.024.000   ; 1.747   ; 670   ; 969   ; 3.386   ;Andrea Schmitt;Andrea.Schmitt@northdata.de;2D;Rolshover Straße 525
160;70101;70000;Wolters Kluwer Deutschland GmbH;50939;Köln;181.977 T€ (2006);50,90748;6,91782;https://www.wolterskluwer.de;Dienstleistung; 181.977.000   ; 2.129   ; 560   ; 951   ; 3.640   ;Svea Werner;Svea.Werner@wolterskluwer.de;1B;Rolandswerther Straße 6
161;41103;41000;DEUTSCHE REIHENHAUS AG KÖLN;51105;Köln;177.529 T€ (2016);50,94260788;6,96796608;https://www.reihenhaus.de;Bau- und Ausbaugewerbe; 177.529.000   ; 1.598   ; 760   ; 873   ; 3.231   ;Sören Schmitz;Soeren.Schmitz@reihenhaus.de;1E;
162;55101;55000;Dorint GmbH;50858;Köln;175.920 T€ (2015);50,92154694;6,857530117;;Dienstleistung; 175.920.000   ; 1.566   ; 507   ; 1.129   ; 3.202   ;Lasse Krause;;3D;
163;64200;64000;VanCamel AG;50678;Köln;175.426 T€ (2013);50,92593384;6,961803913;;Dienstleistung; 175.426.000   ; 1.456   ; 498   ; 1.414   ; 3.368   ;Emma Meier;;2E;BiberStraße 14
164;45110;45000;Procar Automobile GmbH & Co. KG;50858;Köln;173.027 T€ (2008);50,92154694;6,857530117;https://www.procar-automobile.de;Großhandel; 173.027.000   ; 2.249   ; 741   ; 298   ; 3.288   ;Fynn Lehmann;Fynn.Lehmann@procar-automobile.de;2A;
165;35130;35000;rhenag Rheinische Energie Aktiengesellschaft;50968;Köln;169.344 T€ (2003);50,90354538;6,9685812;https://www.rhenag.de;Dienstleistung; 169.344.000   ; 1.321   ; 853   ; 1.010   ; 3.184   ;Carolin Schmid;Carolin.Schmid@rhenag.de;3E;Bayenthalgürtel 39A
166;26200;26000;Siemens Product Lifecycle Management Software (DE) GmbH;50674;Köln;168.614 T€ (2008);50,93148422;6,933364868;https://www.plm.automation.siemens.com;Industrie/ Handwerk; 168.614.000   ; 2.141   ; 762   ; 233   ; 3.136   ;Oliver Schulze;Oliver.Schulze@plm.automation.siemens.com;3B;DasselStraße 68
167;27900;27000;TOTAL WALTHER GmbH Feuerschutz und Sicherheit;51069;Köln;167.684 T€ (2016);50,98392;7,07352;https://www.tyco.de;Industrie/ Handwerk; 167.684.000   ; 2.012   ; 852   ; 356   ; 3.220   ;Svenja Maier;Svenja.Maier@tyco.de;3A;WaltherStraße 51
168;;;Bw Bekleidungsmanagement GmbH;51149;Köln;167.169 T€ (2013);50,90459442;7,047994137;;; 167.169.000   ; 1.655   ; 468   ; 1.187   ; 3.310   ;Gunnar Köhler;;2C;Schwarzer Weg
169;45100;45000;Hammer + Co. GmbH;50968;Köln;166.342 T€ (2007);50,90354538;6,9685812;https://www.autoplenum.de;Großhandel; 166.342.000   ; 2.113   ; 765   ; 349   ; 3.227   ;Ben Herrmann;Ben.Herrmann@autoplenum.de;1B;Bayenthalgürtel 39A
170;74900;74000;A. Himmelreich GmbH & Co. Kommanditgesellschaft;51149;Köln;165.817 T€ (2015);50,90459442;7,047994137;https://www.dtad.de;Dienstleistung; 165.817.000   ; 1.459   ; 537   ; 1.155   ; 3.151   ;Josef König;Josef.Koenig@dtad.de;3B;Schwarzer Weg
171;68201;68000;Aachener Siedlungs- und Wohnungsgesellschaft mbH;50668;Köln;165.067 T€ (2015);50,94987869;6,96416378;https://www.aachener-swg.de;Bau- und Ausbaugewerbe; 165.067.000   ; 1.997   ; 594   ; 512   ; 3.103   ;Dana Walter;Dana.Walter@aachener-swg.de;3C;Theodor-Heuss-Ring 50
172;41201;41000;Sprint Sanierung GmbH;51061;Köln;164.914 T€ (2015);50,99834061;6,991382122;;Bau- und Ausbaugewerbe; 164.914.000   ; 1.517   ; 831   ; 917   ; 3.265   ;Lukas Mayer;;3C;SemmelweisStraße 111
173;60200;60000;RTL DISNEY Fernsehen GmbH & Co. KG;50679;Köln;163.111 T€ (2016);50,93482208;6,981100082;http://www.superrtl.de;Dienstleistung; 163.111.000   ; 1.941   ; 711   ; 578   ; 3.230   ;Ilka Huber;Ilka.Huber@superrtl.de;2E;WalthariStraße 14
174;82999;82000;STRABAG BMTI GmbH & Co. KG;50679;Köln;162.753 T€ (2015);50,93482208;6,981100082;http://www.bmti.strabag.com;Dienstleistung; 162.753.000   ; 1.644   ; 710   ; 901   ; 3.255   ;Xanthippe Kaiser;Xanthippe.Kaiser@bmti.strabag.com;2E;WalthariStraße 14
175;70220;70000;BwConsulting GmbH;51149;Köln;162.641 T€ (2005);50,90459442;7,047994137;;Dienstleistung; 162.641.000   ; 1.822   ; 690   ; 643   ; 3.155   ;Thomas Fuchs;;1C;Schwarzer Weg
176;70101;70000;FRANCA AG;50968;Köln;161.579 T€ (2016);46,62184143;2,451942921;https://br.answers.yahoo.com;Dienstleistung; 161.579.000   ; 1.648   ; 672   ; 912   ; 3.232   ;Mia Peters;Mia.Peters@br.answers.yahoo.com;1A;88 Lieu-dit Pré de l'Acsence
177;62030;62000;Gothaer Systems GmbH;50969;Köln;161.093 T€ (2016);50,91622;6,93952;https://www.gothaer.de;Dienstleistung; 161.093.000   ; 1.498   ; 515   ; 1.177   ; 3.190   ;Jan Lang;Jan.Lang@gothaer.de;2A;Gothaer Allee 3
178;46461;46000;Madaus GmbH;51067;Köln;159.619 T€ (2015);50,96445847;7,040765762;;Großhandel; 159.619.000   ; 1.884   ; 632   ; 613   ; 3.129   ;Leonie Scholz;;2D;BurgwiesenStraße 60
179;46750;46000;ADAMA Deutschland GmbH;51149;Köln;158.231 T€ (2015);50,90459442;7,047994137;https://www.adama.com;Großhandel; 158.231.000   ; 1.456   ; 494   ; 1.056   ; 3.006   ;Finja Möller;Finja.Moeller@adama.com;3D;Schwarzer Weg
180;46750;46000;ExxonMobil Chemical Central Europe GmbH;50735;Köln;157.095 T€ (2011);50,99375534;6,95991993;https://corporate.exxonmobil.de;Großhandel; 157.095.000   ; 1.367   ; 496   ; 1.247   ; 3.110   ;Paul Weiß;Paul.Weiss@corporate.exxonmobil.de;3E;Auf der Seekante 12
181;82999;82000;Milchverwaltung FrieslandCampina Germany GmbH;50739;Köln;157.088 T€ (2015);50,97428131;6,923274994;https://www.bloomberg.com;Dienstleistung; 157.088.000   ; 1.697   ; 610   ; 646   ; 2.953   ;Finn Jung;Finn.Jung@bloomberg.com;3E;Robert-Perthel-Straße
182;;;TÜV Rheinland Industrie Service GmbH;51105;Köln;156.446 T€ (2004);50,91752625;6,995742798;http://www.tuv.com;; 156.446.000   ; 1.643   ; 751   ; 672   ; 3.066   ;Ida Hahn;Ida.Hahn@tuv.com;1C;Rolshover Straße 525
183;61100;61000;Draka Comteq Germany GmbH & Co. KG;51063;Köln;155.740 T€ (2012);50,9667511;7,014326096;https://www.elektroniknet.de;Dienstleistung; 155.740.000   ; 1.495   ; 542   ; 860   ; 2.897   ;Kimi Schubert;Kimi.Schubert@elektroniknet.de;1A;SchanzenStraße 14
184;38100;38000;AWB Abfallwirtschaftsbetriebe Köln GmbH;50825;Köln;153.170 T€ (2016);50,95500565;6,911117077;https://www.awbkoeln.de;Industrie/ Handwerk; 153.170.000   ; 1.486   ; 723   ; 824   ; 3.033   ;Alexander Vogel;Alexander.Vogel@awbkoeln.de;2A;MarienStraße 68
185;38200;38000;SITA Umwelt Service GmbH;50999;Köln;150.619 T€ (2006);50,87046051;7,015705109;https://www.suez-deutschland.de;Industrie/ Handwerk; 150.619.000   ; 1.506   ; 590   ; 826   ; 2.922   ;Fiete Friedrich;Fiete.Friedrich@suez-deutschland.de;2C;SchlehenWeg 15
186;;;MANGO Deutschland GmbH Textilhandel;50667;Köln;147.867 T€ (2015);50,93931961;6,95490694;https://www.klartext.de;; 147.867.000   ; 1.405   ; 509   ; 807   ; 2.721   ;Arvid Keller;Arvid.Keller@klartext.de;3B;MinoritenStraße 9
187;70101;70000;KOHL-Gruppe AG;50996;Köln;147.402 T€ (2016);50,8836441;6,986876011;https://en.kohl-gruppe-ag.de;Dienstleistung; 147.402.000   ; 1.268   ; 519   ; 1.014   ; 2.801   ;Luca Günther;Luca.Guenther@en.kohl-gruppe-ag.de;3C;Schillingsrotter Straße 100
188;;;HDI-Gerling Gesellschaft für IT-Dienstleistungen mbH;50679;Köln;146.969 T€ (2009);50,93482208;6,981100082;https://www.bloomberg.com;; 146.969.000   ; 1.029   ; 741   ; 1.052   ; 2.822   ;Nils Frank;Nils.Frank@bloomberg.com;2B;WalthariStraße 14
189;77110;77000;ALAG Auto-Mobil GmbH & Co. KG;50668;Köln;146.708 T€ (2007);50,94987869;6,96416378;https://www.cllb.de;Dienstleistung; 146.708.000   ; 1.423   ; 610   ; 754   ; 2.787   ;Julia Berger;Julia.Berger@cllb.de;2B;Theodor-Heuss-Ring 50
190;;;Hotel Reservation Service Robert Ragge Gesellschaft mit beschränkter Haftung;50668;Köln;146.521 T€ (2012);50,94987869;6,96416378;https://www.bloomberg.com;; 146.521.000   ; 1.861   ; 651   ; 360   ; 2.872   ;Lara Winkler;Lara.Winkler@bloomberg.com;2B;Theodor-Heuss-Ring 50
191;58110;58000;BASTEI LÜBBE AG KÖLN;51063;Köln;146.289 T€ (2017);50,94260788;6,96796608;http://www.luebbe.com;Dienstleistung; 146.289.000   ; 1.872   ; 720   ; 305   ; 2.897   ;Noah Roth;Noah.Roth@luebbe.com;3E;
192;70101;70000;Bauwens GmbH & Co. KG;50676;Köln;146.094 T€ (2017);50,93032074;6,951852798;https://www.bauwens.de;Dienstleistung; 146.094.000   ; 1.739   ; 473   ; 593   ; 2.805   ;Hauke Beck;Hauke.Beck@bauwens.de;3A;Perlengraben 75
193;46399;46000;HANDELSHOF KÖLN GmbH & Co. Kommanditgesellschaft;51105;Köln;144.601 T€ (2015);50,91752625;6,995742798;https://www.handelshof.de;Großhandel; 144.601.000   ; 1.287   ; 602   ; 887   ; 2.776   ;Maria Lorenz;Maria.Lorenz@handelshof.de;3D;Rolshover Straße 525
194;38200;38000;Buchen UmweltService GmbH;50735;Köln;144.263 T€ (2008);50,99375534;6,95991993;http://www.buchen.net;Industrie/ Handwerk; 144.263.000   ; 1.010   ; 739   ; 1.021   ; 2.770   ;Michaela Baumann;Michaela.Baumann@buchen.net;3B;Auf der Seekante 12
195;28491;28000;Humboldt Wedag GmbH;51067;Köln;144.124 T€ (2016);50,96445847;7,040765762;;Industrie/ Handwerk; 144.124.000   ; 1.297   ; 404   ; 1.124   ; 2.825   ;Sven Franke;;3B;BurgwiesenStraße 60
196;82300;82000;Uniplan GmbH & Co. KG;51063;Köln;144.116 T€ (2016);50,9667511;7,014326096;http://www.uniplan.com;Dienstleistung; 144.116.000   ; 1.773   ; 726   ; 326   ; 2.825   ;Jördis Albrecht;Joerdis.Albrecht@uniplan.com;1E;SchanzenStraße 14
197;52291;52000;MBS Speditionsgesellschaft mbH;51149;Köln;143.746 T€ (2015);50,90459442;7,047994137;https://www.go2mbs.com;Industrie/ Handwerk; 143.746.000   ; 1.251   ; 690   ; 905   ; 2.846   ;Nele Schuster;Nele.Schuster@go2mbs.com;3A;Schwarzer Weg
198;77290;77000;ALSCO BERUFSKLEIDUNGS-SERVICE Gesellschaft mit beschränkter Haftung;51149;Köln;141.634 T€ (2016);50,90459442;7,047994137;;Dienstleistung; 141.634.000   ; 1.119   ; 544   ; 1.170   ; 2.833   ;Hedda Simon;;1A;Schwarzer Weg
199;82999;82000;Sedo Holding AG;50670;Köln;139.989 T€ (2013);50,95000458;6,944939137;;Dienstleistung; 139.989.000   ; 1.442   ; 532   ; 826   ; 2.800   ;Eva Weber;;3C;Im MediaPark 6C
200;64000;64000;Jury des 5. GenoHackathon;50676;Köln;123456 T;50,92909;6,961031;https://innovationsblog.dzbank.de/2018/11/06/5-genohackathon-rapid-prototyping-am-rhein/;Dienstleistung; 123.456.000   ; 1.346   ; 464   ; 634   ; 2.444   ;Steffen Unterreiner;"alexander.doukas@vr-networld.de;yvonne_zimmermann@adgonline.de;juergen.neutgens@volksbank-koeln-bonn.de;jens.wilhelm@union-investment.de;steffen.unterreiner@fiduciagad.de;yvonne.lueckehe@gmx.de;daniela.ratkovic@web.de";2E;Maler-Bock-Gäßchen 2A
201;68000;68000;KB Düsseldorf Haus Königsallee GmbH;50667;Köln;6.333 T€ (2015);51,2229;6,77845;;Bau- und Ausbaugewerbe; 6.333.000   ; 80   ; 23   ; 12   ; 115   ;Gunnar Schwarz;;1E;Königsallee 45
202;46182;46000;GH Rheinland GmbH;50668;Köln;6.351 T€ (2013);50,94987869;6,96416378;;Großhandel; 6.351.000   ; 83   ; 20   ; 14   ; 117   ;Ben Zimmermann;;1D;Theodor-Heuss-Ring 50
203;47642;47000;Sportlädchen Sport- und Freizeitwear Vertriebs GmbH;50858;Köln;6.353 T€ (2014);50,92154694;6,857530117;https://www.sportlaedchen.de;Einzelhandel; 6.353.000   ; 62   ; 31   ; 33   ; 126   ;Josef Braun;Josef.Braun@sportlaedchen.de;1D;
204;68100;68000;Living Estate Immobilien GmbH;50935;Köln;6.378 T€ (2016);50,92298889;6,892910004;https://www.living-estate.de;Bau- und Ausbaugewerbe; 6.378.000   ; 63   ; 27   ; 38   ; 128   ;Dana Krüger;Dana.Krueger@living-estate.de;2B;WerthmannStraße 5
205;32501;32000;Stollenwerk und Cie. Fabrik für Sanitäts ausrüstungen GmbH;51069;Köln;6.400 T€ (2016);50,99786758;7,0572052;https://www.stollenwerk-koeln.de;Industrie/ Handwerk; 6.400.000   ; 67   ; 23   ; 30   ; 120   ;Lukas Hofmann;Lukas.Hofmann@stollenwerk-koeln.de;1D;Peter-Baum-Weg
206;70220;70000;MSR Consulting Group GmbH;50968;Köln;6.400 T€ (2016);50,90354538;6,9685812;https://www.msr.de;Dienstleistung; 6.400.000   ; 58   ; 25   ; 41   ; 124   ;Ilka Hartmann;Ilka.Hartmann@msr.de;3A;Bayenthalgürtel 39A
207;96090;96000;TCS-Tank Card Service GmbH;50829;Köln;6.400 T€ (2016);50,97174835;6,860268116;http://www.tcsgmbh.de;Dienstleistung; 6.400.000   ; 76   ; 26   ; 17   ; 119   ;Xanthippe Lange;Xanthippe.Lange@tcsgmbh.de;3D;Freimersdorfer Weg 6
208;28250;28000;Nederman MikroPul GmbH;51149;Köln;6.417 T€ (2015);50,90459442;7,047994137;https://www.nedermanmikropul.com;Industrie/ Handwerk; 6.417.000   ; 46   ; 23   ; 57   ; 126   ;Thomas Schmitt;Thomas.Schmitt@nedermanmikropul.com;1E;Schwarzer Weg
209;70101;70000;Pluto Beteiligungswerte AG;51067;Köln;6.452 T€ (2015);50,96445847;7,040765762;http://www.genios.de;Dienstleistung; 6.452.000   ; 65   ; 26   ; 25   ; 116   ;Mia Werner;Mia.Werner@genios.de;1B;BurgwiesenStraße 60
210;;;LEG Wohnen Köln GmbH;50676;Köln;6.461 T€ (2008);50,93032074;6,951852798;https://www.leg-wohnen.de;; 6.461.000   ; 45   ; 26   ; 45   ; 116   ;Jan Schmitz;Jan.Schmitz@leg-wohnen.de;2D;Perlengraben 75
211;62020;62000;grandcentrix GmbH;50676;Köln;6.471 T€ (2016);50,93032074;6,951852798;https://grandcentrix.net;Dienstleistung; 6.471.000   ; 46   ; 28   ; 48   ; 122   ;Leonie Krause;Leonie.Krause@grandcentrix.net;2B;Perlengraben 75
212;26119;26000;Magnet-Physik Dr. Steingroever GmbH;50996;Köln;6.491 T€ (2016);50,8836441;6,986876011;https://www.magnet-physik.de;Industrie/ Handwerk; 6.491.000   ; 79   ; 27   ; 16   ; 122   ;Finja Meier;Finja.Meier@magnet-physik.de;3A;Schillingsrotter Straße 100
213;68310;68000;GENISIS Grundstücksgesellschaft mbH;50765;Köln;6.500 T€ (2011);51,01765823;6,865549088;https://www.goyellow.de;Bau- und Ausbaugewerbe; 6.500.000   ; 54   ; 24   ; 48   ; 126   ;Paul Lehmann;Paul.Lehmann@goyellow.de;3C;
214;86909;86000;Strahleninstitut - CDT -Centrum für Diagnostik und Therapie GmbH;50668;Köln;6.500 T€ (2015);50,94987869;6,96416378;https://www.antonius-koeln.de;Dienstleistung; 6.500.000   ; 47   ; 32   ; 45   ; 124   ;Finn Schmid;Finn.Schmid@antonius-koeln.de;3C;Theodor-Heuss-Ring 50
215;38200;38000;BWE Balthasar GmbH;50968;Köln;6.500 T€ (2016);50,90354538;6,9685812;http://www.bwe-koeln.de;Industrie/ Handwerk; 6.500.000   ; 78   ; 26   ; 25   ; 129   ;Ida Schulze;Ida.Schulze@bwe-koeln.de;1B;Bayenthalgürtel 39A
216;46320;46000;ALFORI Fleischhandel GmbH;50767;Köln;6.500 T€ (2016);51,0042305;6,889099121;https://www.11880.com;Großhandel; 6.500.000   ; 81   ; 23   ; 13   ; 117   ;Kimi Maier;Kimi.Maier@11880.com;3A;Marienberger Weg 54
217;43291;43000;DUA - Die Umweltagentur GmbH & Co. KG;51149;Köln;6.500 T€ (2016);50,90459442;7,047994137;http://www.die-umweltagentur.de;Bau- und Ausbaugewerbe; 6.500.000   ; 78   ; 32   ; 17   ; 127   ;Alexander Köhler;Alexander.Koehler@die-umweltagentur.de;2B;Schwarzer Weg
218;71121;71000;Ingenieurbüro Grobecker GmbH;50679;Köln;6.500 T€ (2016);50,93482208;6,981100082;https://die-ingenieure.com;Dienstleistung; 6.500.000   ; 49   ; 29   ; 43   ; 121   ;Fiete Herrmann;Fiete.Herrmann@die-ingenieure.com;3B;WalthariStraße 14
219;81210;81000;Th. Kramer Gebäudereinigung GmbH;50829;Köln;6.500 T€ (2016);50,97174835;6,860268116;http://www.kramer-gebaeudereinigung.de;Bau- und Ausbaugewerbe; 6.500.000   ; 51   ; 28   ; 42   ; 121   ;Arvid König;Arvid.Koenig@kramer-gebaeudereinigung.de;3D;Freimersdorfer Weg 6
220;;;Talanx Pensionsmanagement AG;50679;Köln;6.514 T€ (2010);50,93482208;6,981100082;https://www.talanx-pensionsmanagement.de;; 6.514.000   ; 53   ; 27   ; 46   ; 126   ;Luca Walter;Luca.Walter@talanx-pensionsmanagement.de;2A;WalthariStraße 14
221;70210;70000;PMH Product Media Holding GmbH;50678;Köln;6.519 T€ (2013);50,92593384;6,961803913;https://www.11880.com;Dienstleistung; 6.519.000   ; 72   ; 29   ; 25   ; 126   ;Nils Mayer;Nils.Mayer@11880.com;3E;BiberStraße 14
222;85592;85000;GFU Cyrus AG;51105;Köln;6.553 T€ (2017);50,91752625;6,995742798;https://www.gfu.net;Dienstleistung; 6.553.000   ; 58   ; 22   ; 50   ; 130   ;Julia Huber;Julia.Huber@gfu.net;3E;Rolshover Straße 525
223;77390;77000;cardtech Card & POS Service GmbH;50829;Köln;6.590 T€ (2010);50,97174835;6,860268116;https://www.cardtech.de;Dienstleistung; 6.590.000   ; 46   ; 20   ; 63   ; 129   ;Lara Kaiser;Lara.Kaiser@cardtech.de;3D;Freimersdorfer Weg 6
224;46431;46000;Marcolin (Deutschland) GmbH;50676;Köln;6.600 T€ (2015);50,93032074;6,951852798;http://en.marcolin.com;Großhandel; 6.600.000   ; 55   ; 27   ; 43   ; 125   ;Noah Fuchs;Noah.Fuchs@en.marcolin.com;1D;Perlengraben 75
225;47510;47000;BERTHOLD GÖRGENS GMBH KÖLN;50676;Köln;6.600 T€ (2016);50,94260788;6,96796608;https://www.wer-zu-wem.de;Einzelhandel; 6.600.000   ; 73   ; 25   ; 26   ; 124   ;Hauke Peters;Hauke.Peters@wer-zu-wem.de;2A;
226;46693;46000;P. J. Schulz GmbH;51107;Köln;6.600 T€ (2016);50,92203522;7,077070236;https://www.pjschulz.de;Großhandel; 6.600.000   ; 61   ; 25   ; 35   ; 121   ;Maria Lang;Maria.Lang@pjschulz.de;3E;Birkenallee 28
227;45310;45000;AUGER AUTOTECHNIK GmbH;50996;Köln;6.650 T€ (2016);50,8836441;6,986876011;http://www.augerautotechnik.de;Großhandel; 6.650.000   ; 76   ; 23   ; 23   ; 122   ;Michaela Scholz;Michaela.Scholz@augerautotechnik.de;3E;Schillingsrotter Straße 100
228;22290;22000;Kunststofftechnik Hartmut Mühlhoff GmbH & Co. Kommanditgesellschaft;50767;Köln;6.660 T€ (2015);51,0042305;6,889099121;http://www.kt-muehlhoff.de;Industrie/ Handwerk; 6.660.000   ; 85   ; 24   ; 12   ; 121   ;Sven Möller;Sven.Moeller@kt-muehlhoff.de;1D;Marienberger Weg 54
229;59120;59000;MEDIAFIX GmbH;50825;Köln;6.666 T€ (2016);50,95500565;6,911117077;https://mediafix.de;Dienstleistung; 6.666.000   ; 52   ; 22   ; 54   ; 128   ;Jördis Weiß;Joerdis.Weiss@mediafix.de;2C;MarienStraße 68
230;46494;46000;Alex Breuer GmbH Industrieverpackungen;50859;Köln;6.668 T€ (2017);50,94955826;6,827770233;https://www.alexbreuer.de;Großhandel; 6.668.000   ; 70   ; 33   ; 30   ; 133   ;Nele Jung;Nele.Jung@alexbreuer.de;1E;JohanniterStraße 35
231;43220;43000;H.J. Lohmar GmbH;50677;Köln;6.700 T€ (2016);50,83958054;7,209259987;https://www.h-j-lohmar.de;Bau- und Ausbaugewerbe; 6.700.000   ; 72   ; 26   ; 33   ; 131   ;Hedda Hahn;Hedda.Hahn@h-j-lohmar.de;2B;HauptStraße 64
232;70210;70000;FoodPLUS GmbH;50672;Köln;6.725 T€ (2015);50,94238663;6,934085846;https://www.globalgap.org;Dienstleistung; 6.725.000   ; 86   ; 33   ; 16   ; 135   ;Torsten Schubert;Torsten.Schubert@globalgap.org;1A;Venloer Straße 41
233;46189;46000;2E Vertriebs-GmbH;50670;Köln;6.739 T€ (2017);50,95000458;6,944939137;http://www.2e-vertrieb.de;Großhandel; 6.739.000   ; 51   ; 20   ; 56   ; 127   ;Gesine Vogel;Gesine.Vogel@2e-vertrieb.de;1D;Im MediaPark 6C
234;46721;46000;KAUFMANN Stahl- und Metallhandel GmbH;50859;Köln;6.746 T€ (2013);50,94955826;6,827770233;https://www.kaufmann-stahl.de;Großhandel; 6.746.000   ; 59   ; 32   ; 32   ; 123   ;Kjell Friedrich;Kjell.Friedrich@kaufmann-stahl.de;1B;JohanniterStraße 35
235;70220;70000;neues handeln GmbH;50674;Köln;6.800 T€ (2015);50,93148422;6,933364868;https://www.neueshandeln.de;Dienstleistung; 6.800.000   ; 54   ; 29   ; 50   ; 133   ;Linda Keller;Linda.Keller@neueshandeln.de;2C;DasselStraße 68
236;46300;46000;cc Cool Drink GmbH;51063;Köln;6.800 T€ (2015);50,9667511;7,014326096;;Großhandel; 6.800.000   ; 78   ; 23   ; 21   ; 122   ;Ruth Günther;;1E;SchanzenStraße 14
237;46184;46000;Bodynova GmbH;50933;Köln;6.800 T€ (2015);50,94226074;6,880349159;https://bodynova.de;Großhandel; 6.800.000   ; 65   ; 24   ; 39   ; 128   ;Eva Frank;Eva.Frank@bodynova.de;1C;WendelinStraße 90
238;46520;46000;Peres GmbH;50829;Köln;6.800 T€ (2016);50,97174835;6,860268116;http://www.peres.de;Großhandel; 6.800.000   ; 85   ; 34   ; 5   ; 124   ;Christina Berger;Christina.Berger@peres.de;3A;Freimersdorfer Weg 6
239;46433;46000;MEDIATEC Video- und Audio-Service GmbH;50825;Köln;6.800 T€ (2016);50,95500565;6,911117077;https://www.mediatec.de;Großhandel; 6.800.000   ; 61   ; 27   ; 40   ; 128   ;Lennja Winkler;Lennja.Winkler@mediatec.de;2E;MarienStraße 68
240;96090;96000;MVDA Service GmbH;50996;Köln;6.800 T€ (2017);50,8836441;6,986876011;https://www.mvda.de;Dienstleistung; 6.800.000   ; 53   ; 22   ; 51   ; 126   ;Rory Roth;Rory.Roth@mvda.de;2C;Schillingsrotter Straße 100
241;66220;66000;Ferber & Moskopp Gesellschaft mit beschränkter Haftung;50931;Köln;6.800 T€ (2017);50,93260956;6,919215202;https://www.ferber-moskopp.de;Dienstleistung; 6.800.000   ; 75   ; 23   ; 27   ; 125   ;Elias Beck;Elias.Beck@ferber-moskopp.de;1B;FrangenheimStraße 28A
242;47650;47000;"Toys ""R"" Us Operations GmbH";50827;Köln;6.827 T€ (2010);50,97005081;6,89417696;https://en.wikipedia.org;Einzelhandel; 6.827.000   ; 59   ; 29   ; 47   ; 135   ;Andrea Lorenz;Andrea.Lorenz@en.wikipedia.org;3E;MühlenWeg 216
243;46491;46000;TOMY Deutschland GmbH;50674;Köln;6.888 T€ (2016);50,93148422;6,933364868;https://de.tomy.com;Großhandel; 6.888.000   ; 56   ; 25   ; 48   ; 129   ;Svea Baumann;Svea.Baumann@de.tomy.com;2B;DasselStraße 68
244;32501;32000;F. & M. Lautenschläger GmbH & Co. KG;50996;Köln;6.900 T€ (2017);50,8836441;6,986876011;http://www.lautenschlaeger.net;Industrie/ Handwerk; 6.900.000   ; 72   ; 32   ; 30   ; 134   ;Sören Franke;Soeren.Franke@lautenschlaeger.net;3C;Schillingsrotter Straße 100
245;20410;20000;Werner Sauer GmbH & Co. KG;50933;Köln;6.907 T€ (2014);50,94226074;6,880349159;https://www.autoplenum.de;Industrie/ Handwerk; 6.907.000   ; 72   ; 36   ; 29   ; 137   ;Lasse Albrecht;Lasse.Albrecht@autoplenum.de;3C;WendelinStraße 90
246;87100;87000;AWO Gesellschaft für Altenhilfeeinrichtungen Aachen mbH;50765;Köln;6.995 T€ (2016);51,01765823;6,865549088;https://www.awo-sz-morillenhang.de;Bau- und Ausbaugewerbe; 6.995.000   ; 67   ; 29   ; 37   ; 133   ;Emma Schuster;Emma.Schuster@awo-sz-morillenhang.de;1E;
247;73100;73000;Petersberk GmbH;51063;Köln;7.000 T€ (2007);50,9667511;7,014326096;http://www.autohaus-petersberg.com;Dienstleistung; 7.000.000   ; 89   ; 32   ; 6   ; 127   ;Fynn Simon;Fynn.Simon@autohaus-petersberg.com;3B;SchanzenStraße 14
248;46480;46000;TAM GmbH;50672;Köln;7.000 T€ (2011);50,94238663;6,934085846;http://www.tamonline.de;Großhandel; 7.000.000   ; 83   ; 26   ; 27   ; 136   ;Carolin Ludwig;Carolin.Ludwig@tamonline.de;2C;Venloer Straße 41
249;71122;71000;AWD Ingenieurgesellschaft mbH;50677;Köln;7.000 T€ (2015);50,92203522;6,949436188;http://www.awd-ingenieure.info;Dienstleistung; 7.000.000   ; 60   ; 25   ; 47   ; 132   ;Oliver Böhm;Oliver.Boehm@awd-ingenieure.info;1C;KleingedankStraße 11
250;52291;52000;WK Entsorgung GmbH;50999;Köln;7.000 T€ (2015);50,87046051;7,015705109;;Industrie/ Handwerk; 7.000.000   ; 88   ; 35   ; 16   ; 139   ;Svenja Winter;;2A;SchlehenWeg 15
251;62090;62000;Daten Info Service Eibl GmbH;50735;Köln;7.000 T€ (2015);50,99375534;6,95991993;https://www.immowelt.de;Dienstleistung; 7.000.000   ; 64   ; 23   ; 47   ; 134   ;Gunnar Kraus;Gunnar.Kraus@immowelt.de;1E;Auf der Seekante 12
252;46750;46000;LEAD Deutschland GmbH;50825;Köln;7.000 T€ (2015);50,95500565;6,911117077;https://www.lead.de;Großhandel; 7.000.000   ; 79   ; 33   ; 27   ; 139   ;Ben Martin;Ben.Martin@lead.de;3D;MarienStraße 68
253;46693;46000;SegenSolar GmbH;50859;Köln;7.000 T€ (2016);50,94955826;6,827770233;https://segensolar.de;Großhandel; 7.000.000   ; 90   ; 25   ; 21   ; 136   ;Josef Schumacher;Josef.Schumacher@segensolar.de;2E;JohanniterStraße 35
254;68100;68000;Neu Engeldorfer Hof Bauträger GmbH;50968;Köln;7.000 T€ (2016);50,85299;6,92162;https://www.redacon.eu;Bau- und Ausbaugewerbe; 7.000.000   ; 91   ; 31   ; 5   ; 127   ;Dana Krämer;Dana.Kraemer@redacon.eu;1E;Brühler Landstraße 0
255;1400;14000;ILTERIS GmbH;51143;Köln;7.000 T€ (2016);50,86494446;7,047078133;;Industrie/ Handwerk; 7.000.000   ; 50   ; 22   ; 61   ; 133   ;Lukas Vogt;;3A;Houdainer Straße 48
256;46734;46000;THOMA-Betonwaren GmbH;50767;Köln;7.006 T€ (2016);51,0042305;6,889099121;https://www.thoma-beton.de;Großhandel; 7.006.000   ; 83   ; 26   ; 26   ; 135   ;Ilka Stein;Ilka.Stein@thoma-beton.de;3D;Marienberger Weg 54
257;43220;43000;ClimaLevel Energiesysteme GmbH;50859;Köln;7.072 T€ (2015);50,94955826;6,827770233;http://www.climalevel.com;Bau- und Ausbaugewerbe; 7.072.000   ; 57   ; 28   ; 55   ; 140   ;Xanthippe Jäger;Xanthippe.Jaeger@climalevel.com;1D;JohanniterStraße 35
258;35130;35000;Genek Gesellschaft für Energieeinkauf mbH & Co. KG;50969;Köln;7.075 T€ (2013);;;https://www.genek.de;Dienstleistung; 7.075.000   ; 92   ; 32   ; 16   ; 140   ;Thomas Otto;Thomas.Otto@genek.de;2D;
259;;;ALLIANCE Hospitality Germany GmbH;50668;Köln;7.078 T€ (2008);50,94987869;6,96416378;https://dufehlstuns.de;; 7.078.000   ; 79   ; 30   ; 21   ; 130   ;Mia Sommer;Mia.Sommer@dufehlstuns.de;3B;Theodor-Heuss-Ring 50
260;28290;28000;Munk + Schmitz Oberflächentechnik GmbH & Co. KG;51105;Köln;7.100 T€ (2015);50,91752625;6,995742798;https://www.munk-schmitz.de;Industrie/ Handwerk; 7.100.000   ; 50   ; 30   ; 49   ; 129   ;Jan Groß;Jan.Gross@munk-schmitz.de;2A;Rolshover Straße 525
261;70220;70000;SoCura MD GmbH;50679;Köln;7.100 T€ (2016);50,93482208;6,981100082;https://www.socura.de;Dienstleistung; 7.100.000   ; 55   ; 36   ; 38   ; 129   ;Leonie Seidel;Leonie.Seidel@socura.de;3E;WalthariStraße 14
262;70220;70000;Interbrand GmbH;50823;Köln;7.127 T€ (2015);50,9512291;6,926065922;https://www.interbrand.com;Dienstleistung; 7.127.000   ; 60   ; 34   ; 36   ; 130   ;Finja Heinrich;Finja.Heinrich@interbrand.com;1D;Subbelrather Straße 151
263;68200;68000;iMAD GmbH;50672;Köln;7.130 T€ (2016);50,94238663;6,934085846;https://www.northdata.de;Bau- und Ausbaugewerbe; 7.130.000   ; 68   ; 20   ; 40   ; 128   ;Paul Brandt;Paul.Brandt@northdata.de;1E;Venloer Straße 41
264;;;Schiffbauer & Co Heizungs-Sanitär GmbH;50823;Köln;7.132 T€ (2008);50,9512291;6,926065922;https://www.sanitaer-und-heizungsbau.com;; 7.132.000   ; 67   ; 23   ; 38   ; 128   ;Finn Haas;Finn.Haas@sanitaer-und-heizungsbau.com;2D;Subbelrather Straße 151
265;46143;46000;COMPOSE GmbH;50769;Köln;7.148 T€ (2016);51,04626083;6,850763798;https://www.northdata.de;Großhandel; 7.148.000   ; 59   ; 25   ; 45   ; 129   ;Ida Schreiber;Ida.Schreiber@northdata.de;1D;BaptistStraße 44
266;46422;46000;MAKOTEX Schuh- und Textilhandelsgesellschaft mbH;51107;Köln;7.150 T€ (2014);50,92203522;7,077070236;http://www.makotex.de;Großhandel; 7.150.000   ; 63   ; 21   ; 53   ; 137   ;Kimi Graf;Kimi.Graf@makotex.de;1C;Birkenallee 28
267;;;Wunderman GmbH;51063;Köln;7.156 T€ (2010);50,9667511;7,014326096;;; 7.156.000   ; 68   ; 35   ; 39   ; 142   ;Alexander Schulte;;3A;SchanzenStraße 14
268;59110;59000;Joker Productions GmbH;50825;Köln;7.200 T€ (2015);50,95500565;6,911117077;http://joker-productions.webflow.io;Dienstleistung; 7.200.000   ; 94   ; 32   ; 11   ; 137   ;Fiete Dietrich;Fiete.Dietrich@joker-productions.webflow.io;3E;MarienStraße 68
269;78300;78000;BRINKHOF Personalservice GmbH;50667;Köln;7.214 T€ (2007);50,93931961;6,95490694;https://www.11880.com;Dienstleistung; 7.214.000   ; 87   ; 23   ; 24   ; 134   ;Arvid Ziegler;Arvid.Ziegler@11880.com;2B;MinoritenStraße 9
270;59120;59000;The Match Factory GmbH;50668;Köln;7.237 T€ (2016);50,94987869;6,96416378;https://www.the-match-factory.com;Dienstleistung; 7.237.000   ; 77   ; 27   ; 26   ; 130   ;Luca Kuhn;Luca.Kuhn@the-match-factory.com;2B;Theodor-Heuss-Ring 50
271;16230;16000;Wallburger Gesellschaft mit beschränkter Haftung;50679;Köln;7.253 T€ (2016);50,93482208;6,981100082;https://www.wallburger.de;Industrie/ Handwerk; 7.253.000   ; 59   ; 28   ; 57   ; 144   ;Nils Kühn;Nils.Kuehn@wallburger.de;1C;WalthariStraße 14
272;77330;77000;All-in-One Vermietungsgesellschaft für Telekommunikationsanlagen mbH;50674;Köln;7.285 T€ (2015);50,93148422;6,933364868;https://www.dasoertliche.de;Dienstleistung; 7.285.000   ; 71   ; 33   ; 39   ; 143   ;Julia Pohl;Julia.Pohl@dasoertliche.de;1E;DasselStraße 68
273;23630;23000;TBL Transportbeton Libur GmbH & Co. KG;51147;Köln;7.300 T€ (2016);50,87181473;7,126286983;https://www.tbl-transportbeton.de;Industrie/ Handwerk; 7.300.000   ; 74   ; 29   ; 28   ; 131   ;Lara Engel;Lara.Engel@tbl-transportbeton.de;2D;Heinrich-Steinmann-Straße
274;;;DRUCKHAUS und VERLAG LOCHER GMBH;50968;Köln;7.306 T€ (2004);50,90354538;6,9685812;http://www.locher-medien.de;; 7.306.000   ; 82   ; 37   ; 21   ; 140   ;Noah Horn;Noah.Horn@locher-medien.de;3D;Bayenthalgürtel 39A
275;70220;70000;Yadastar GmbH;50674;Köln;7.309 T€ (2016);50,93148422;6,933364868;http://www.yadastar.com;Dienstleistung; 7.309.000   ; 82   ; 34   ; 27   ; 143   ;Hauke Busch;Hauke.Busch@yadastar.com;3A;DasselStraße 68
276;62020;62000;KI Business Performance GmbH;50672;Köln;7.317 T€ (2016);50,94238663;6,934085846;http://www.ki-performance.com;Dienstleistung; 7.317.000   ; 59   ; 36   ; 38   ; 133   ;Maria Bergmann;Maria.Bergmann@ki-performance.com;1D;Venloer Straße 41
277;52299;52000;Toyota Logistics Services Deutschland GmbH;50858;Köln;7.317 T€ (2016);50,91482;6,85671;https://www.kununu.com;Industrie/ Handwerk; 7.317.000   ; 51   ; 31   ; 63   ; 145   ;Michaela Thomas;Michaela.Thomas@kununu.com;3A;Toyota-Allee 42A
278;55101;55000;Aquamaris GmbH & Co. Strandresidenz Rügen KG;50858;Köln;7.372 T€ (2015);50,92154694;6,857530117;https://www.aquamaris.de;Dienstleistung; 7.372.000   ; 64   ; 29   ; 46   ; 139   ;Sven Voigt;Sven.Voigt@aquamaris.de;3C;
279;20300;20000;Spies Hecker GmbH;50858;Köln;7.373 T€ (2015);50,92154694;6,857530117;http://www.spieshecker.com;Industrie/ Handwerk; 7.373.000   ; 93   ; 30   ; 10   ; 133   ;Jördis Sauer;Joerdis.Sauer@spieshecker.com;2E;
280;79110;79000;Reisebüro TRAVELWORLD GmbH;51147;Köln;7.400 T€ (2011);50,87181473;7,126286983;https://branchenbuch.meinestadt.de;Dienstleistung; 7.400.000   ; 57   ; 33   ; 43   ; 133   ;Nele Arnold;Nele.Arnold@branchenbuch.meinestadt.de;2E;Heinrich-Steinmann-Straße
281;62020;62000;A3Tech GmbH;50769;Köln;7.416 T€ (2015);51,04626083;6,850763798;https://branchenbuch.meinestadt.de;Dienstleistung; 7.416.000   ; 65   ; 30   ; 46   ; 141   ;Hedda Wolff;Hedda.Wolff@branchenbuch.meinestadt.de;2C;BaptistStraße 44
282;;;Avrasya GmbH -Fleischgroßhandel und Dönerproduktion-;50769;Köln;7.417 T€ (2006);51,04626083;6,850763798;https://duesseldorf.stadtbranchenbuch.com;; 7.417.000   ; 55   ; 34   ; 47   ; 136   ;Torsten Pfeiffer;Torsten.Pfeiffer@duesseldorf.stadtbranchenbuch.com;1A;BaptistStraße 44
283;68201;68000;Deutsch-Japanisches Center GmbH c/o Art-Invest Real Estate;50667;Köln;7.420 T€ (2015);50,93931961;6,95490694;https://www.art-invest.de;Bau- und Ausbaugewerbe; 7.420.000   ; 85   ; 25   ; 27   ; 137   ;Gesine Schubert;Gesine.Schubert@art-invest.de;3E;MinoritenStraße 9
284;68101;68000;CIMAG-COLONIA Immobilien Aktiengesellschaft;51067;Köln;7.456 T€ (2005);50,96445847;7,040765762;http://www.genios.de;Bau- und Ausbaugewerbe; 7.456.000   ; 85   ; 33   ; 25   ; 143   ;Kjell Vogel;Kjell.Vogel@genios.de;2A;BurgwiesenStraße 60
285;41201;41000;F.C. Trapp Baugesellschaft Köln mbH;50996;Köln;7.462 T€ (2005);50,8836441;6,986876011;https://www.northdata.de;Bau- und Ausbaugewerbe; 7.462.000   ; 91   ; 21   ; 37   ; 149   ;Linda Friedrich;Linda.Friedrich@northdata.de;1A;Schillingsrotter Straße 100
286;46750;46000;DIMED Lackrohstoffe Gesellschaft mit beschränkter Haftung;50968;Köln;7.462 T€ (2007);50,90354538;6,9685812;https://wesseling.frag-christel.de;Großhandel; 7.462.000   ; 63   ; 32   ; 44   ; 139   ;Ruth Keller;Ruth.Keller@wesseling.frag-christel.de;3E;Bayenthalgürtel 39A
287;87300;87000;St. Brigida Seniorenzentrum GmbH;50829;Köln;7.488 T€ (2015);50,97174835;6,860268116;https://www.haus-brigida.de;Bau- und Ausbaugewerbe; 7.488.000   ; 55   ; 34   ; 49   ; 138   ;Eva Günther;Eva.Guenther@haus-brigida.de;2E;Freimersdorfer Weg 6
288;46462;46000;H. Faust GmbH;50829;Köln;7.500 T€ (2012);50,97174835;6,860268116;http://www.chemie.de;Großhandel; 7.500.000   ; 62   ; 33   ; 42   ; 137   ;Christina Frank;Christina.Frank@chemie.de;2E;Freimersdorfer Weg 6
289;46734;46000;BVR Betonvertrieb Rheinland GmbH;51147;Köln;7.500 T€ (2013);50,87181473;7,126286983;https://koeln.stadtbranchenbuch.com;Großhandel; 7.500.000   ; 56   ; 31   ; 62   ; 149   ;Lennja Berger;Lennja.Berger@koeln.stadtbranchenbuch.com;2C;Heinrich-Steinmann-Straße
290;96090;96000;inteligy GmbH;50969;Köln;7.500 T€ (2015);50,90608597;6,937514782;https://www.inteligy.de;Dienstleistung; 7.500.000   ; 68   ; 23   ; 53   ; 144   ;Rory Winkler;Rory.Winkler@inteligy.de;2A;Zollstockgürtel 47
291;43210;43000;Cichon & Stolberg Elektroanlagenbau GmbH;50996;Köln;7.500 T€ (2016);50,8836441;6,986876011;https://cryptin.de;Bau- und Ausbaugewerbe; 7.500.000   ; 55   ; 35   ; 48   ; 138   ;Elias Roth;Elias.Roth@cryptin.de;1D;Schillingsrotter Straße 100
292;70220;70000;pso vertriebsprogramme GmbH;50672;Köln;7.500 T€ (2016);50,94238663;6,934085846;http://www.pso-vertriebsprogramme.de;Dienstleistung; 7.500.000   ; 75   ; 36   ; 39   ; 150   ;Andrea Beck;Andrea.Beck@pso-vertriebsprogramme.de;1E;Venloer Straße 41
293;32503;32000;Dr. Jean Bausch GmbH & Co. KG;50769;Köln;7.500 T€ (2017);51,04626083;6,850763798;http://www.bauschdental.com;Industrie/ Handwerk; 7.500.000   ; 92   ; 34   ; 23   ; 149   ;Svea Lorenz;Svea.Lorenz@bauschdental.com;3A;BaptistStraße 44
294;64991;64000;Siedlungsgesellschaft Am Bilderstöckchen Ges. mit beschränkter Haftung;50668;Köln;7.502 T€ (2015);50,97409;6,92741;https://www.sg-bilderstoeckchen.de;Dienstleistung; 7.502.000   ; 79   ; 38   ; 24   ; 141   ;Sören Baumann;Soeren.Baumann@sg-bilderstoeckchen.de;3E;Am Bilderstöckchen 51
295;46721;46000;Heitmann Metallhandel GmbH;50735;Köln;7.518 T€ (2016);50,99375534;6,95991993;http://www.heitmann-stahl.de;Großhandel; 7.518.000   ; 76   ; 35   ; 36   ; 147   ;Lasse Franke;Lasse.Franke@heitmann-stahl.de;2A;Auf der Seekante 12
296;86909;86000;Vereinigung der Vinzentinerinnen GmbH;50733;Köln;7.524 T€ (2015);50,96466064;6,951303959;https://www.vinzentinerinnen.de;Dienstleistung; 7.524.000   ; 69   ; 24   ; 47   ; 140   ;Emma Albrecht;Emma.Albrecht@vinzentinerinnen.de;3E;TurmStraße 8
297;68320;68000;"AXA Colonia Immobilien Beteiligungs-GmbH & Co. KG ""Merkens neunzehn""";50858;Köln;7.556 T€ (2015);50,92154694;6,857530117;https://www.northdata.de;Bau- und Ausbaugewerbe; 7.556.000   ; 67   ; 25   ; 59   ; 151   ;Fynn Schuster;Fynn.Schuster@northdata.de;1E;
298;68100;68000;Yoo Berlin GmbH & Co. KG;50678;Köln;7.558 T€ (2015);50,92593384;6,961803913;http://www.yooberlin.com;Bau- und Ausbaugewerbe; 7.558.000   ; 86   ; 34   ; 24   ; 144   ;Carolin Simon;Carolin.Simon@yooberlin.com;1A;BiberStraße 14
299;96090;96000;vertical vision GmbH & Co. Kommanditgesellschaft;51063;Köln;7.569 T€ (2015);50,9667511;7,014326096;http://www.verticalvision.com;Dienstleistung; 7.569.000   ; 74   ; 28   ; 49   ; 151   ;Oliver Ludwig;Oliver.Ludwig@verticalvision.com;3E;SchanzenStraße 14
